Title,description,authors,image,previewLink,publisher,publishedDate,infoLink,categories,ratingsCount
QrvpUrThemIKcJcnZCbeoEKTZ,,"['Jane Austen', 'eDwoWUVKYc']",,,GJHUQoOPtp,1980,,"['ltYjXCEinJ', 'WNmkmwaasn', 'YKzcJyOeiP']",
GoxNepCPDzJAwHNGGHHBAutCf,,"['RR Tolkien', 'LFZfAZxmhq']",,,NDpepCNtRK,1904,,"['JFOtzjZOnC', 'aGQZNmLOhI', 'onlyfClDNB']",
CtayhAsvfCdKSfCNnOLFYaxpo,,"['RR Tolkien', 'DiuUdHxFRO', 'cZClEzgzlE']",,,BjRfDKSRsh,1923,,"['dotkhaEyMP', 'jfadNSuIvJ', 'GnrpjFABSG']",
DUTzprYNBNZbLsdsKgFBBpBwj,,['George RR Martin'],,,SzmqPkQctQ,1913,,"['KdadeckFLl', 'VCwvlQtlQp', 'MYVSHTpewH']",
IyQxAnwDeimGZjuKYPUExAfLo,,"['JK Rowling', 'iFNyCpSADz', 'XaMnYVNCbe']",,,hHwMPJCsrb,1991,,"['tigacnUbjh', 'XcbKIkMNIM', 'ADKowNXuzJ']",
KnzZKaEnGdNitULJbChqwBWUN,,['JK Rowling'],,,tVlsdoOaWP,1912,,"['SOaWYncCrv', 'irpmnSORFe']",
gXbRFrUaURMvkrofIfJknQwkz,,"['Ernest Heminway', 'jLSKMynRon', 'TZQOXBwNyc']",,,bHHfWHmfiX,1923,,"['CRDamRTQpx', 'yIgtmJQbYY']",
eXvCnesZQIEjfMGIPJyAnFeFi,,"['Aneirin', 'GsMSyIAenT']",,,WQBsIbbyoU,1943,,['uSMEjyFTzd'],
KnBKiRtYaGskomjOitUBMRpzi,,['JK Rowling'],,,afNkWicnGp,1905,,['vDixVBFuuL'],
phschMAMairwdJondzRIqNlZV,,"['JK Rowling', 'GSMtWqWySH']",,,BgGMzBWxTl,2010,,"['VkuAvYhGnC', 'cssOWMxyww']",
hdXeRWTNCcyeCLzVolUycFenE,,"['JK Rowling', 'sdbDrGUGzx', 'uPKPVFOtNb']",,,MNYSvOaQoi,1904,,"['daWrmauiMo', 'INFvPkmPRR']",
xCBfsszBaPfjGyoPCudcMxVNl,,['JK Rowling'],,,tlPbNcBZti,1918,,"['NsFoicPIsm', 'wdaxpqeGdz']",
bqYDGEFlQPJZsXXgrsKDRsuqs,,"['RR Tolkien', 'qaNsGnfZDA']",,,FChEZewNNt,1939,,['EwrbgQjyJG'],
oFSGdzsRsCKnbYUKCJIaEaDhA,,['Gabriel Garcia Marquez'],,,BTiJjYcEnF,1903,,"['UQZJpTBCwe', 'LuQoiKCsDE', 'JfDOMBXuzY']",
cycHPoKwfuHMRLGAeMjCtNbQO,,"['Gabriel Garcia Marquez', 'ZIvDwqAGXJ']",,,vONRtASizw,1922,,['KdMEMZNMGP'],
XuzvheCoCrsEoLSGPCcBrvGxM,,['Gabriel Garcia Marquez'],,,omvvRoWpne,1913,,['LCttnyPXbM'],
fecafYmJPirHvtIEZZMitVXhj,,"['JK Rowling', 'jhXOjuacbx']",,,RaybmFOgXc,1977,,['hYJPxsNhzb'],
DVmJwixiSDaZXGDPJxaidTiot,,"['Gabriel Garcia Marquez', 'uTwMlQGPuj', 'ewksOxlZCX']",,,LodxpbIHOu,1970,,['LKKnMWmPOv'],
RjoGVTfrQhrVNhTgXbIBCXPSG,,"['RR Tolkien', 'jjDiQViOsy', 'RBMDtKkWDa']",,,hgKhksaWwx,1918,,"['cVzLHSNZMV', 'UpabSfniCq']",
YLEgtEQoIojOPIOHdguXftzJQ,,"['Fisher', 'LRvktVXZBV', 'esyvkwuGfY']",,,HXyLeOaild,1914,,['FCkdYnnZSQ'],
QjnoYLbXHkWaIwtWsWUZfsqjv,,"['Ernest Heminway', 'rJfOKvtNhR']",,,TPxAYbGoIl,1991,,"['sBCYgzdJJY', 'FYdEUnpyTr']",
maYlFLzEQdEKzQgPrDawCTLzk,,['Gabriel Garcia Marquez'],,,VXFoDtLXak,2072,,['ABtklsQksz'],
ygBPEeHKeUHUgKheWgCdLgUvk,,"['Aneirin', 'kCVneQeVbz']",,,AHMYCGiwcB,1947,,['dbPeqQYUUw'],
WFdtnOVBJOQHDtqDqNJHfZNnB,,"['Ernest Heminway', 'XoWZWflQVI', 'QjpYhXthcJ']",,,YYKtoaptxi,1927,,['xjYBQSLXoL'],
XgXPiyHtMnkufLsvhbaYNcuPB,,"['George RR Martin', 'xdOIJYjsuE']",,,KATZUgaGIO,1906,,"['jpvUUfFwwU', 'xSTnpPyEgc']",
BqQEuqEOZMAXvcCxXNySujUFq,,['Jane Austen'],,,wRoVCbEpmp,1906,,"['GUZjpcwVLv', 'RMAkMUOTFP', 'UAwzqxaAFj']",
uUKHeTQNfMcNtafzAehrHZpgW,,"['RR Tolkien', 'CKzsKSMyDQ', 'PWAwYoiNUx']",,,OnbOCxYrbV,1907,,"['mGrUNSGUpd', 'aZhpGcSBKr', 'dLwzlUJUgZ']",
FTdnqWGljloxeHfyLQVyygbAh,,['Ernest Heminway'],,,WVIEtZyJBW,1995,,"['bHdUAybgsQ', 'hEcGVROfSJ', 'WzVruzvzGg']",
UUwoEwsFtaMIfrdtOlyXsYJNF,,"['Gabriel Garcia Marquez', 'eQtzVaByiU']",,,eSHYiobOLC,2059,,"['QpBRNArnTU', 'srHUltGDet']",
pLNwkAzltsvOQEEReXDTwyaCV,,"['Gabriel Garcia Marquez', 'ZDMnhfrfuA']",,,GZftSaIJXa,2021,,"['RkZYeTCPlj', 'YYHMLvQNPp']",
aSbLRoFvvCddMqTBhajQQdVZC,,"['Gabriel Garcia Marquez', 'RKGyfoMCvA']",,,UjwTTFnMoI,2020,,['ueznUJtnNx'],
ejlhSsfsIxNgVdlqahpRTCXRP,,['George RR Martin'],,,SWUEwwAaJy,1916,,"['JIpdjWDFdy', 'bYngQQQzTV']",
FkXrwwZzsNIMfRcaUVvLZWPMY,,"['Fisher', 'bTdJahCRiT', 'WkpXrhGZpH']",,,oYnCjfMbrs,1931,,['IaaBsImOLT'],
TmThDJRpGxnVfYpiykMrAchIp,,"['RR Tolkien', 'RJhlUmiIND']",,,tSCabukZVi,1958,,['fLhvawQUce'],
scvEYQakSjaUxDowJkeYUvJWE,,"['Aneirin', 'AHAVNmlDPL', 'GpGsQfbLlE']",,,EePVSRzvNs,1955,,['cswvXLYZSS'],
KBAhlrLRkozKCmlegTcdGtJiy,,"['Gabriel Garcia Marquez', 'eASdQYVVeM', 'WboBDcIyJK']",,,mWJSRZbBsh,1978,,"['oOtRZTfQEU', 'JtvjgGDsuh', 'tgvZcamItC']",
pnylQQKAuXTLsxUftxNFayIzh,,['Fisher'],,,QhoFQBpHAA,2002,,"['XtsQPlzROq', 'RmGzmQyrIB']",
FDerjjWimleiojXumVpceLxpL,,"['Aneirin', 'JSDDIFFmCZ']",,,DbiTTbZubm,1984,,['jJXeWmWnuM'],
JqNklNCxQrkYcOUevIIlxttSr,,"['Gabriel Garcia Marquez', 'DYcgjZANVz']",,,vOpegfAFBY,2065,,"['PAefhlBVTH', 'HYmaHoTzYV']",
XnfHJVRpFIMhhsqiYHlaSffPq,,['JK Rowling'],,,nPPiuTrFjR,1958,,"['CYqZphhrTA', 'ZfTIxTsYsB', 'bVNhtCtGVp']",
igXNDbPZtQmHheQRuHsvJdWgO,,"['Ernest Heminway', 'WtDASfYLWz']",,,ymvHgOgGRV,1930,,['qGlUTOzsgZ'],
FLqVqeLuHAcFhALgzFnibeWZM,,['Aneirin'],,,wOVfGikRTc,1985,,"['nUPnudsRnA', 'cySWEiWaLG']",
EMdNZevwsMdEitgzWcWDnkbLr,,"['Fisher', 'qEqRiWXLSY']",,,rMnEONykgI,1994,,['qEDOEYvDTB'],
HVtMBSfVMvxCUfsiIFPCZERMZ,,['Gabriel Garcia Marquez'],,,hUVvekqtpe,1971,,"['lQvhyKlguN', 'DzAosGbicC', 'CbDLBdisHp']",
ABWkfVloRsQkXbxjhhVoGSEvA,,['Fisher'],,,jIcWodbodQ,1934,,"['zBCgmvXMOr', 'TpPUZkkksN', 'iEgyDHKUxN']",
pCoTUarQcoHhpkalESDZJMPRT,,"['Gabriel Garcia Marquez', 'LgXFPWvXHK', 'evQdLQHCtr']",,,HSKoevfwVU,2019,,"['CnJHTjBOiL', 'CQDrieJmLc']",
qVOxDXriWqXPzzitzGmgLGGvC,,"['Gabriel Garcia Marquez', 'hEYVyKdCrk']",,,pJbmyWmhEr,2018,,"['HkMCnULGLt', 'qyigqLridP']",
IYgzbVfRUJiUgNlHtuIuxFsKf,,"['Aneirin', 'nsRqJeIerx', 'XHkuTopDJV']",,,nHVKNUAYRY,1956,,"['AKmKnpYvVJ', 'kxNXgzXzjS']",
hgAgrKbibsLOlsGbEpsHCHedp,,['Fisher'],,,UWwdxLJLAL,1999,,"['YZotNoneKc', 'badwHvBQXp']",
YaGkTClNysESrsuYbyfFVorTa,,"['Jane Austen', 'ZHayuJgwpV']",,,MlVNahPbsM,1937,,['MuBjtcDCtn'],
SWGRPgXLADpnDQoyzZaXtNnwp,,['Gabriel Garcia Marquez'],,,ykYvEggqeh,2062,,"['gbtbXcomLR', 'gLDmZCjxWT']",
MbSXMymgjHGSjhfXHrrjHxSJD,,"['JK Rowling', 'TbiBapVuDQ', 'ssRtBgBXds']",,,PydWwsQIlq,1909,,['OIiQZzQfVu'],
DDfQxioJuQwLJkQvTgqRmdJve,,"['Gabriel Garcia Marquez', 'mtezpjWRaE', 'BYLLlvclOS']",,,QBXJIzgRIl,1966,,"['AJVAKyySWr', 'WQkUxRUwoT', 'uoiKZhEMaZ']",
UFVERYknfJUmfDbzdUWrDHHFl,,"['Jane Austen', 'HpyKUxCigd']",,,dBTQkiFpHq,1944,,['wGhAmsMdqy'],
NPfVBTYSedKDGkgUfaaVSgWLM,,['Ernest Heminway'],,,WYKYxjYvbC,1932,,['KDLDTpjSzH'],
yXexOOGcMrMDiOrZpNepnepFh,,"['Jane Austen', 'iCrLyQmBJN', 'oIeUskxBUd']",,,FTsZHEIwIr,1927,,"['mtheKDjgNA', 'kGNPDjjBgV']",
sJAzrQyoRlzJCFVFfughoRlAW,,"['Fisher', 'FvBrJBVanX']",,,EAprcTFbNw,1943,,"['FxxevQovGb', 'XNhUgjfubC']",
FwiBDyhSeJFqtunNyCPbCjLMc,,['Fisher'],,,OZBZyCGTAW,1932,,['mclqqYKEhO'],
lxVLnjrMEwZFlyztYwbYIXIQv,,"['RR Tolkien', 'GWFzLoLShT', 'gHjoIrPLao']",,,lEwDSnmfJv,1927,,"['HRlnWENAWC', 'nXqhqmHNKM', 'QNBZZEfgWm']",
uPhlRVZLmnfDRArHWgzjDzhmi,,['Gabriel Garcia Marquez'],,,TIgwgHGWWY,1974,,"['SuTHyUVzbs', 'UqvHRjwXpP']",
tsPioVjXQDCcAIbRXfeXiKAvz,,['Jane Austen'],,,wwZzhbMWvP,1977,,"['AgQXUrvFeG', 'YBzQrQIVyV']",
xPDvAhlPUXOVYosyflQEZBGex,,"['Aneirin', 'ccOZVyLThV']",,,ZEbTgsEBfw,1984,,['jeYqmiKEDn'],
cPVJJGwoOQkBTPofUkZJKGmVt,,"['Aneirin', 'adsCJLmDlw']",,,jFTrVqWuqx,1973,,"['ainwVkQlBH', 'ibjUjcgpnk', 'DPUQtXMLco']",
RmzcGkcaSvxFSWtndLRXBLzHh,,"['Jane Austen', 'nrlEEXWoJO']",,,OLnxgYudkd,2009,,"['YGFSlDuouk', 'mRtNQTWPsY']",
tBQBsJOkTvfKXgxkGsosfVqxM,,"['Jane Austen', 'AkmGYiYhJk', 'DECvyjfTYa']",,,sxORviiLVA,1927,,"['VBLDSbtNte', 'ncrWPlaFHU']",
GYrBYLkAAysOzQHMvLLUDzeiI,,"['Jane Austen', 'YYFdYHYiFq', 'rtYWvsbqfU']",,,IlBwhdrEgQ,1921,,['kcwwZIogvt'],
VECQNGXKgMChNwHrQfSQrmxrd,,['JK Rowling'],,,VZlJFCIkfM,1982,,"['ZUuEZrEyRF', 'LIgSJHhYmL']",
ADgmdHiNhfbRuKIssLopmWPTF,,"['Lovecraft', 'cIqyzYvFbL', 'sUIiaaDeKa']",,,dcgiVYpkEb,1968,,"['pKwseajvIe', 'LTeKMRCDPV']",
oZIEMYKQLaVjYZCVJPHaNLnzB,,"['Gabriel Garcia Marquez', 'TCydYnucbf']",,,alilWVPrqK,1947,,"['mlIvGGIvRm', 'eUSHGTAcaN', 'GRprVrBVNH']",
FfnwMKnCPBSXRXYNcByCHxwTx,,"['RR Tolkien', 'OUvPZzTTgH', 'URnPTPRYbJ']",,,DNZZVNSwlt,1934,,"['PFXvqTBuVw', 'lnHIQxZZoM', 'eBadEljYXD']",
FBaHzRdGrQNbJwElXmtIkooHn,,['Aneirin'],,,FwkecarMmS,1938,,['tOCamPkrRh'],
BPVExHoLKgoNnzENehmKvGtfu,,"['Fisher', 'pdJexFPEFy', 'AtXEoQQzVo']",,,KTFhTlGQna,1925,,['PFcNhHwkPr'],
UBssUFkLJHVXqTUgOTLNEOmoB,,['JK Rowling'],,,YymXbzEvor,1919,,['gFrbAIDXAn'],
mPPFrTKMaTUwScxCMJhtqROOo,,"['Aneirin', 'nyogZscaDi', 'iXpnClRCcW']",,,JoFdDuEjwd,1933,,"['zNfZspAtLH', 'nLZiippSMm', 'HgwmCbskSP']",
VCAfjDoFOzWCySXxQprMKJOxI,,"['JK Rowling', 'JWLldwcNuv']",,,npqVcVtRXz,2032,,"['weqtYcjuJl', 'ZqjJoJmVOF']",
PIyGTRylcDMtZGOrAlEXixdbW,,"['Fisher', 'ZrXhjbitkj', 'JDLFfLljOw']",,,CNlQPplmCV,1909,,"['tQukefppYT', 'vrGGvSuQTQ']",
reANrryjXniuSxsVQsUUMYnnM,,"['Gabriel Garcia Marquez', 'TthdFgmOAx', 'XmExLnmgsU']",,,RARvGwrgEl,2004,,['ZDPvPEwioT'],
JsadacyDdwPHxRofYrppTcMny,,"['Aneirin', 'HfxtUSKPuX', 'sEuBTRxHpn']",,,LzTHGjSoja,1938,,"['bhwZtzQWXV', 'vWzAOzNNgJ']",
cVmekxXPaKIcqjPVrszWeSqxG,,['Fisher'],,,AEvPOUPjPB,1932,,"['cPqVcNksyX', 'zxJpddeMdk', 'zCxrxHkzXG']",
VnrATqCXZlEQhjyWQBbNXaYGJ,,"['Fisher', 'NVJokOHGpR', 'CHhrhCQwZU']",,,RAJaJdtqdj,1933,,"['CvxluLVyES', 'jRvGywYFBB', 'EBPprFAcMB']",
tyqGFBdAALfVqpqUrUtpGuadL,,['Jane Austen'],,,wzAvqyxCkC,1957,,"['ocgpaBqNgd', 'XusKcXmOBr', 'RYyieoiWuZ']",
yVYMCiTNVhzfcBQvfWWRIxePw,,"['Gabriel Garcia Marquez', 'tEVcjXLBoe', 'wUNloAoYzJ']",,,lhwmovbDVK,1981,,['muBlcZIYpr'],
XoqEpkjBiEpYqbBVugRKJEczC,,"['Fisher', 'kDUzlDFCUE']",,,JIGnxHhzlS,1972,,"['OKnTDKWPIi', 'QYiXPtEiXV', 'LsqrYiGJjo']",
jpnEogMiISbzLhLQvyXMOCYOr,,"['JK Rowling', 'OFQKfNFKFS', 'vwjlEtCnCq']",,,ZRKflStzWd,1925,,['BtVgxPpRpl'],
LrqQMzAubPWwZGnoBdEVElkYG,,"['JK Rowling', 'ZGMGclvFOM', 'DnXKxfxLaX']",,,CCaJXzeklB,1982,,"['hOuIZehbDq', 'fVWHchtfFd']",
RIRUskeraqwZrCobgubCgsPSy,,['Gabriel Garcia Marquez'],,,KVJvsFzgfV,1995,,['YJsGGJzaxJ'],
RJOezAxkqdBojNfVMPkQjljax,,"['Fisher', 'RJcRYUVUUU']",,,QTxFvZSWjc,1930,,"['ilDxYqMuXh', 'EEFSyuePAh']",
HOHlzMCQgpmQhUpJBLQOAJvRR,,"['Lovecraft', 'TNdpBlQqXi', 'VgadAFpacP']",,,SxWRigisjr,1965,,['mJesOyqWKi'],
bfzTKSDkmIDIJpIuXjVfpZaDA,,['Gabriel Garcia Marquez'],,,vZGNjkSiDr,1967,,"['KmaMkASqyj', 'ChSqMHjskw', 'dNjYgBsOEy']",
xClujTwAajceaepRBKrfwDSkE,,['RR Tolkien'],,,wEuehuqGUR,1940,,"['OWhdUafOIm', 'vhzMRGwgep', 'uRkDKmcpMA']",
scpxEtPcSKCpXVurKskTWkkvI,,['Ernest Heminway'],,,nQYReoYxnj,1929,,"['KoiLsXBGfC', 'cePBqCJuiE', 'TGzynBjWeK']",
WtcZpmzXptiaPhAvOGvOMRLpi,,"['Aneirin', 'USPSSyuNYY', 'HgofouZYoA']",,,OsKcREnVOH,1920,,"['QcuZKwvlga', 'oMqnehoFJs']",
crzmzESacpduOBLTbbKcAuzmD,,"['Aneirin', 'hTbWVQfdZI', 'cfFCzyptbw']",,,QZZoccqJlf,1988,,['JOuSWsZVFQ'],
VfxvnvYbmhweINzMTdjrtRaDf,,['Lovecraft'],,,yVrQLoDUoW,1965,,['PFeARWEEcm'],
jepLLDmplLcWqrUXApLXupCmy,,['Ernest Heminway'],,,tlTFCALTWM,1912,,"['EPNfXWOZgJ', 'AFWMbNarDB', 'UIuVdweSUU']",
SutvKCeOwGEQQwtcJFhDLtXqb,,"['Gabriel Garcia Marquez', 'QlXcqcBaVz']",,,PoKIhMmiNB,2044,,"['BHMiEWDaaX', 'UFLPUmDZII', 'slGxxHxWqo']",
OkFxsDajqsGqRRkkYOCxuGTmj,,"['Gabriel Garcia Marquez', 'PkJZptPIQN']",,,zsCkBdELQL,2043,,"['cEiHsMUwQz', 'iSvUkQVOHO', 'HPugFSgyPc']",
pXJuOaQGSxlsYdGixmuozzKiz,,['JK Rowling'],,,JaAiIVAivH,1928,,"['SKRmdupCXy', 'IHxaiTxcDI', 'vTWxDXSfUH']",
xbqDejKbfXhpfndjAhdrzidXj,,"['Ernest Heminway', 'SfGOQvNBIY', 'qweDmhRUUD']",,,CWMZhFRdru,1994,,"['lbubVlZvuc', 'nFxvekuixG']",
vVexHhAmhShqUGnxysMTEbtEn,,"['Gabriel Garcia Marquez', 'EeXnwKQKME', 'jPtRGuXJEi']",,,rYgtbvWmZR,1908,,"['HXjUbebXES', 'nAdvtRQXyb']",
HFdrxOceKZeMufJnNzpwQFHnm,,"['Jane Austen', 'QpYYyWbVaM']",,,XzHThKuuCN,2003,,"['fdfkFvhVHS', 'QxRaMqVdKd', 'ZymhRjtDlj']",
MzqwmHBCoQEmaihuBEZsnImkj,,"['RR Tolkien', 'hfxoFCtHUl', 'HkTIvepoDC']",,,UofiWwBNOq,1927,,"['ergHGbOJIA', 'ysJuQOKRTn', 'tkhxBCzJJW']",
RergBDEHtpoEucjwETyaKOukI,,['Fisher'],,,dymoyizlEg,1936,,"['KIYhZqAVbx', 'odtqCurgWf']",
YqGIGVMpPkoKVGlSIaZGnXHZN,,"['JK Rowling', 'ldgVGanteS', 'jEnegsniDl']",,,TGKUYRbZgF,1995,,['jwpiYYextx'],
EzzkXwMrzzIXhofcfhXEoZZuj,,['Ernest Heminway'],,,nkcPoBAVFR,1982,,['OTTXAUtjDr'],
NQGlYczbyzrcEAexEyVjZeUGS,,['Jane Austen'],,,SZmiAsbEKZ,1992,,"['ACaPNInKbo', 'rIImNjjcKg']",
BWXJrKDOvRZrprlnzHoDlDyxs,,['Fisher'],,,tdryJQRaiz,1901,,['VIsUZZxJGs'],
ITbdnypUrMuUdXxTGgidMCUuA,,['Jane Austen'],,,bIrwKdkfcC,1972,,"['NuPuadWwzt', 'ZqRckWHdRC']",
patxYsPNOrYfJCJtRbcAfiRxz,,"['RR Tolkien', 'jfWdxXOUTc', 'qswbDrXWip']",,,giJhPRduTh,1931,,['NRrtMmKhLX'],
iGjioRWievDRNcLGYYgPZVwtc,,['Fisher'],,,TYJarMiDEt,1979,,"['ypqXHIwsUj', 'SmpdqfnOEr', 'JBadStkpxE']",
YRPnPFDdJBhaZleUBdMXHWxEk,,"['Ernest Heminway', 'XQnZXJJtDw']",,,MWzwmkBMOm,1987,,"['yCFFuRlaXQ', 'XDojwbmoBC', 'njXLwzWQLL']",
GXZvriOLDXJeyCSCFdhrtwNKL,,['Aneirin'],,,HQnpITYOqX,1911,,"['oPHuiBncys', 'TBYCtLSAVx']",
jiEpwpfsGnZKRRBMyVvbcefCg,,"['Jane Austen', 'yUefpcCRlx']",,,RXJMxWotzm,1959,,"['QSPuMDQaGk', 'HTAqticyuF', 'qfYnZKqZNQ']",
WgMzxSVEOIowxEgHxMIROykVW,,"['RR Tolkien', 'nKigNHvrkB', 'xqQixLWtuA']",,,fOZqhSZwEl,1942,,['tfjElkdwQK'],
YEYkMRSpxyKjEwoHHcSKxBXHJ,,"['Lovecraft', 'EMlZuTglUB']",,,qipaIVMKsK,1922,,['jfExORoVBY'],
kEhHBRBqNtJpGdXTaaNQYayvB,,"['Fisher', 'ZdhRDKRrhl']",,,UOaRyiGkbR,2006,,"['IMDBaXIePt', 'tnzghrDWuW', 'XMDKOgHdae']",
HInPxRGuCyfMgcroxuSoEWRxi,,['Ernest Heminway'],,,dPHbvesIHb,1950,,"['JuCdVrcrRE', 'wDZUzTTRts', 'wLsDhTOLVm']",
tyNfntXFdjxZFpkvsTARPDKzx,,"['Aneirin', 'SeZYFymiyU']",,,jlAPupMGxU,1953,,"['gekwJJxZYY', 'JgRNLwwTfA', 'EykObWAaFF']",
yvFyrIDUgIvLrhnZaFuEiPrZs,,"['JK Rowling', 'zWqwGdPnEs', 'plXDMehqSo']",,,ffHdUBNegq,1907,,"['iaFKrftLUc', 'EHmPrKgmEx', 'EpMSfSpfJa']",
ZYJLuEPzDDrHltjYTOKoYADCk,,"['Gabriel Garcia Marquez', 'CfTbuOZXiH']",,,wpbcrklpOh,2063,,"['PwKldKYNtf', 'GGIuPdVlMt', 'LvGGOrOWNB']",
dMCVUnLmvtirLiHtHqOxXnmiZ,,"['Gabriel Garcia Marquez', 'nPaKWkaUxQ', 'juewJBuCzp']",,,DiRLgCfuSZ,1942,,['hFSwrackiu'],
aCSbpFycwuyJadPqjTDeYEgBf,,"['Jane Austen', 'CGAhowsOZm']",,,YvyBqzuHRO,1907,,['ViPlSilPZB'],
uEKseGLlqJjsfUEqXaNNRkpiU,,"['Jane Austen', 'WqNBRiozIh']",,,ZsvmmeSrqj,2007,,"['iLibBDnYnE', 'fQsfphxrmE', 'RzAeLqXFHl']",
zDODzbVMhQwbtFvHlPytHdgVy,,['Ernest Heminway'],,,bQPUcStPzv,1937,,['GQrrQyZtVh'],
hvWVnaGzkJOZODNgaqvjQOvRW,,"['Ernest Heminway', 'vnUjCieiYL']",,,ifjouGayJC,1988,,"['slTcyxhLEz', 'BEVvPdmvmg', 'pVeWmVwdXa']",
stpSgzNlcTbubzaIqtiQgUhqr,,"['Fisher', 'bkLMmfxIKA', 'iThKGtVKHX']",,,fqVFgGsTwm,1923,,"['WxvLLoOPbh', 'rXYFkWoWfz']",
oBMYvmjboUeHdPUgsmIGBFqUL,,['JK Rowling'],,,iEfyPifrNb,1957,,"['DFANkunKeR', 'XRLrGRLpRh']",
kuMmSwJlVWZPMahpVvximpgFs,,"['Gabriel Garcia Marquez', 'tWjHAsbXxw']",,,esrdDOCGhg,1905,,"['UXSoxaojRw', 'ARXMxPDZdP', 'TZXwcNEepb']",
qwPfhDJxYtnKoFSNTBQQSaogQ,,"['George RR Martin', 'xokSBszsQL', 'mlilNaBmYs']",,,NELbkLrdMV,1912,,"['HZrSSBzCoH', 'BbClAOCVgV']",
wzjrjtifqqkkbKCjZeggbjezG,,"['JK Rowling', 'FjGNQCkRqj', 'PjpgCoTCwt']",,,pvnutpdWbr,1970,,['XUDFxEcYFs'],
irxwddTsVUtJyaNKrsGSjdZuJ,,['Aneirin'],,,IkwLqMmPfT,1940,,['BSDdYSXtjm'],
HsvdquqHZepOUlDuWBIHNiOsM,,['Aneirin'],,,YwsvlJnHjC,1941,,"['mAIoMbXVUa', 'flnOaQULDZ', 'JYlmMNwfHg']",
FNTPRQCpZsozwYnEMGqeDgRzT,,"['Lovecraft', 'ZoxTdRvIxq']",,,SefshTCdyt,1922,,"['jBRVCqTWAs', 'ObOdpctozp']",
vpJpcXAPjGtUpIGIQiwvqMkmT,,['Aneirin'],,,TSaCqxUeBe,1983,,"['FTUAZLxDFc', 'lPhsVhPJOL']",
fCyzfQalKgblTcpkjYHUqaMOa,,"['Lovecraft', 'aImewzgeHZ']",,,DwAydGaXjh,1926,,['jiRQiGyYSr'],
BFvkSRSsmwQGHJJZbzUKSOkzp,,['Gabriel Garcia Marquez'],,,aDKZLGHLPa,2052,,"['YraTuySsCO', 'tBhvwBBIxi']",
AAAYxjwJJHNeuRlusbUgcWwuv,,"['Jane Austen', 'GPEBkwsWlv']",,,CrwwXxMRZr,1989,,"['vBSOAqbcoJ', 'tJKtxcqmHS']",
tRcyyQpbjPFHosknJKfKcKGkv,,"['Aneirin', 'cJBhnRJGaB', 'ZgnsfxQYMR']",,,SHBxLnoCJD,1977,,"['xRonYIesmV', 'EnuFJxNVFf', 'NSEmVuFOIr']",
kUwezzIeefhZIfrLNTvDMdrjj,,"['Lovecraft', 'MBWavhvwzq']",,,ybPrvfDwlv,1943,,"['hxgJtDDcKN', 'uLUeCHmatv', 'dimWdkzwsI']",
JFHYWJBTgwZrWwfWRkMxrqEsz,,['Gabriel Garcia Marquez'],,,wnIJvPMXAs,1981,,"['MZRaFhDenY', 'dgHXRLrYrV']",
SlPooEuTGdLlkoxZhDdFEQNRQ,,"['Ernest Heminway', 'nHOGSorvkR']",,,ATRxLVCJrp,1949,,"['rCSGDmLBRC', 'GIKXmCVDVV', 'PyXjqJwjzu']",
oAVgDFLnmPvxgNYJWjSIRvhdS,,"['Fisher', 'jzmxpBxOFT', 'sWexeGyiUe']",,,UrkSRZEYqZ,2007,,"['vPRtLPdjjH', 'rOmDIdGwAi']",
UxWsoXfezzWRFsiJyXHXesaUf,,"['George RR Martin', 'bvbNnyDmIm']",,,DTIkKvSsqE,1902,,"['AoPMJioLzj', 'tFOsBwPuBb', 'qJZXbpNuEc']",
yBOuWCkMCoZHFxkfnwmooFXZd,,['Gabriel Garcia Marquez'],,,aWllxhmnSj,1923,,['cxxapiBnKh'],
MBOWZxmXDpBDAlnxEUqQtIwJg,,"['Aneirin', 'geLwocKNrq', 'WLIulgHzYS']",,,bVHQpCGFpb,1974,,"['JUzJzMTSQR', 'MESdqNLqkp']",
eKfTLYnASjAmWnAPojIjulogJ,,"['Fisher', 'yqlLFGnNPO']",,,BebsSXaeer,1929,,['tsIjwDurfR'],
VonnqXaRBtpbURWExekysqCjA,,['Ernest Heminway'],,,gWoqQaOZKL,1969,,['oFgOKswXhR'],
eYlkJSHrqmqufCPijwCQGTmgp,,['JK Rowling'],,,VfCSWFHIFW,1915,,"['UgjwciYcPC', 'CMriywRFDK', 'xizprGJSsW']",
DvrRMkPLopoucksqXjEercomd,,"['Lovecraft', 'szNMXyIboS', 'pcflecDaxj']",,,pctMifdcGq,1946,,"['FEotYaTvbT', 'zFVzvGiZcg']",
FERPacjLolmGpXoVxLddAGJHH,,['Gabriel Garcia Marquez'],,,fCZekSJkPl,1915,,"['VnppDWZxGa', 'iahmjMIdmW', 'MTFeiJhohq']",
ZApDnwLmVehaNJIehBMctBfeA,,['Aneirin'],,,mEOBkAEKQG,1944,,['HFDtXvVMKR'],
etPaPApjzOwBPoomtFUNLgrip,,"['Gabriel Garcia Marquez', 'REjYMQoTfl', 'QFNpUvVAOf']",,,XSpqiMiAsi,2004,,['qlriJLrssJ'],
RVzTleTnicmQvpCHJMYQelaff,,"['George RR Martin', 'lAjAQtCzhT']",,,CDiSfFaqWD,1913,,['lWBAuUuTFF'],
FYomgGRqKbdKCezriaPjMHEUo,,"['Jane Austen', 'XJzAcMLHaq']",,,AycgUyFtGr,1921,,"['mWqpKwWbZX', 'lAckXcDHWW', 'cTyGkUoEEt']",
okoFoxGjdwHFOfSBYTIdbXFSf,,['Ernest Heminway'],,,oHmcYfuONv,1900,,['LOvLGGFedp'],
pCYTFqjjgxfVUJFrCIGvUWsot,,"['JK Rowling', 'RIqrquEPRD', 'EtTbDKVVVb']",,,duDJxTgKYC,1913,,['FtrHDMfdnb'],
IOnHxcoVqvvpoYxXkLbMZuWhR,,"['Lovecraft', 'qKbghvsZun']",,,NcMKOrbQbs,1911,,"['TkJVMNSxPZ', 'MCqqpDwpBa']",
atFwMxYJnPNsSugmAsBexUlwJ,,['Gabriel Garcia Marquez'],,,RYqcbQKDYT,1971,,"['odPgNYXUkM', 'ZYhYyaVLHa']",
tQezJcBOhtsWaJoijNyokTytj,,"['Aneirin', 'kCSKEOIfvD', 'fAeDjUKfLG']",,,PcvcddkxmW,1914,,"['EzwKLfKhuj', 'mYXpOajKuk']",
DoMWjKoqxUkmZGiYHDoyRBzus,,"['Jane Austen', 'BMTrfYwcYW', 'zECzHQeCsT']",,,glJJGSUdyH,1984,,['KZqVDdovrT'],
sZuYiXkojAEbyxwZqTYVDynsB,,"['Gabriel Garcia Marquez', 'gSfFjTtBKd']",,,QmjZbAtnRq,1916,,['lpbMZFNNZs'],
pOBoYTBkMgGoUthlFrrMCeWAg,,"['Ernest Heminway', 'PmAJZctwMb', 'KdrpoxLZPd']",,,EUgwbwmgPT,1936,,['hVzPZmeChP'],
ohVyDFoLxstbMcgTMmQICmGdo,,['Gabriel Garcia Marquez'],,,NtdFNZuYFe,1980,,"['ZNZlVysIht', 'TgsOhPTMSr', 'hRenKduFXw']",
cBDRwKzNFnhHjzurpztkcDAYB,,"['RR Tolkien', 'VjdDOwgycZ', 'XNYKNfGOPG']",,,pKuGBlYbeU,1954,,"['wQGuSrEToy', 'FDLdshQebi']",
kJytHjitqcHDPjlyFfHrahjPY,,"['Ernest Heminway', 'rKSzquMWeU']",,,ThGKxlYPjM,1901,,['bWFBlpKFKG'],
LPJgPREYTXtjKsKazOoKGuPSQ,,"['George RR Martin', 'vtfaRjtfDc']",,,QWSFupDUkf,1918,,"['JGdhspAhzh', 'WISCSygnFS', 'riylyAamBW']",
DKNLlMHfwIdiwUolwlDpEtVMS,,['Aneirin'],,,ymAKFbgRoP,1949,,['yKibkkcWCr'],
JTXlIehrKHLqTREpvuUSvutNj,,"['Gabriel Garcia Marquez', 'NORklRkxhz', 'kSWgUunKvD']",,,HEybStPbgU,1980,,"['hfJmEMrqzI', 'zqtqVEIGMN']",
iVZGqxzwmjxtwkiBjYMlksfdW,,"['Lovecraft', 'IcDyKbSLDs']",,,cQCxhkolYe,1915,,"['SaSDtHwPOj', 'PNKFDNiUgv']",
JCKJcOAwFbdYSMipPcjBQpzBd,,['Lovecraft'],,,tHnBQFCVzi,1902,,"['udMbCfufYs', 'DEVmTrQHxr']",
bLmEvVLIlaakycbTFifGELGbU,,"['RR Tolkien', 'WcAgbgmrVG', 'ByqIPEAKEB']",,,DrqlAUMlwt,1929,,['JagiYaKtxz'],
DjfHPjHSMqGWDvQlvPXahSIkJ,,['Gabriel Garcia Marquez'],,,YeSIATwGHI,2040,,['RkNBkHJpWy'],
jNAvXTNDbmeDkwEQyKmIdOokW,,['JK Rowling'],,,vfHKfEBuUa,2003,,['JTShCFHRLM'],
AstGihVCImXAxdZfKWDWrTAXw,,"['Ernest Heminway', 'YUizeOXoOg', 'RpdJvCYTAT']",,,siVkPflXTV,1944,,['LWzjGPyAlm'],
WjlPgiZIhyjslOOrSxyKuELQf,,['RR Tolkien'],,,YddaKqxOAP,1944,,"['JSqBwruVel', 'wNLvDLIWkh', 'IfJijJCPDm']",
gxuZnoSgnfBbKpldmobxtZoYk,,"['Gabriel Garcia Marquez', 'NEXCpnOMIk']",,,zTsHttGTZt,2031,,"['srzGrMuVfA', 'hbUHqrFeuL', 'rrKEzhoBZq']",
GitaYVqALNvcxjQIffDqJAIIX,,"['Lovecraft', 'xRrAKoUMkp', 'TMgwMsePub']",,,sEesTsUHqW,1958,,['uIRgLqCQJd'],
mHabVFZVMnPmkotVxIqiNZvIF,,"['Ernest Heminway', 'HmQIrRIFGl']",,,KeVeWDttSj,1999,,['FcnhthUkcE'],
ryHVrmzCllKwoPXZQlsfRLtiF,,"['Aneirin', 'IVRfgIZRjO']",,,dPaPEyfpMv,1951,,"['iQGtitBxYN', 'GdFpzPGcxk', 'cdirZNkAby']",
bSGPvzycouFMdWAShKnQIhugv,,['Ernest Heminway'],,,OjWOzUSwfm,1960,,"['rnQpDJpDwg', 'MdKliqkFGM', 'pIKBPfBFOG']",
qGkylyNZKvITSjjIGmebCqJBW,,['Fisher'],,,wnsQKRPfho,1921,,"['VtVtfNAbFG', 'JQbfoqFuDI', 'dSCdYPgbRS']",
EUJaasuOVPKhjyiwKfEUZgjWN,,"['JK Rowling', 'sLYfARoWby']",,,oAkEbqCexV,2038,,"['XRaeHGpebD', 'zTGvaQyDHY', 'oyxbhrUiFi']",
GWvkEkxUEsoVESRihrMlPQgFN,,"['Jane Austen', 'cXJLtXDHmZ', 'coddmHVbSY']",,,GsAPAHpSTV,1933,,"['bWFgiwURAT', 'fnkxNealGl', 'BhebrTHkzp']",
oGKAbMyZULAPKOvlmvRbUovxS,,"['Fisher', 'QCiFCVblTH', 'nTPhawWNVe']",,,AQNuByBvJS,1933,,"['ZoaFqoDZER', 'PNzZjovhEe', 'ggWXqPaksh']",
sNRlMxdcrTBWtccDhxBSiAOQv,,['JK Rowling'],,,HvOkpMyHvv,1905,,"['CsDDyZNazz', 'mpRweVCjeK', 'hJHaEEINUN']",
dQIiFBItgCwiiBJBITUXmWUtB,,"['JK Rowling', 'AZKDJPyCBx', 'okLBOPIqXo']",,,kLhKRlJZIJ,1970,,"['XkVLSaONAU', 'pNnKKVDUkU']",
KaUxagIFJXhYJVPYWlzrbpjYJ,,"['JK Rowling', 'ZNoTNJiCHG', 'eoDPfjbRml']",,,hXQTYWQsiJ,1990,,"['tLrOsvRCMr', 'wpMEFsMhaw', 'QOXqRGJXvH']",
KIMZGfxtyTdsmvJVFpATvYgOk,,"['Gabriel Garcia Marquez', 'IsjSJTRstP']",,,ussPEJzepW,1926,,"['rQEdIQYNOp', 'JAateZxPIF']",
HNghBoHYfmsiLZJLQARzWlWXA,,"['Lovecraft', 'GliYykUeoI']",,,QfzhsBvFlz,1965,,"['vzaLsPydpt', 'ezcVcXonsw', 'gXTaujRwji']",
NUdqJePcCuJFWafNaOZMiZbty,,"['Jane Austen', 'tVUJgDWaDr']",,,qUVbxxuKdl,2003,,"['ejvNnZXoAp', 'RZWEPeTxnM', 'fuGIQARggs']",
ybszkkVhxVrDQEnfABaAgXpHQ,,"['JK Rowling', 'ZslOCHWjNC']",,,WBYwkhaEQb,1911,,"['CPRokHtECO', 'pvksBJcmba']",
SYnKAVqrZrwjeizVUBHYfFNAi,,['Gabriel Garcia Marquez'],,,KfqkmszmhB,2007,,['jgjNYZVDsJ'],
FlaFRkDBEsdbKSTBdBIYxkpAf,,['Aneirin'],,,vfibqSdBXQ,1935,,"['hYoAYbYTSn', 'kztsXLyamW']",
MNkVtXnOUNCCSdciYGPxdoPbh,,"['Aneirin', 'LgLMWFJtDE']",,,VYXuKrQMfv,1923,,"['cjORPYLCLt', 'RjHZgtTxSq', 'eIsQkOeick']",
oYATXxwKiGlbTLJAQljvriygv,,"['Gabriel Garcia Marquez', 'dVftTqfIos', 'ielRFEpcDt']",,,bxhdYqNjkd,2015,,"['xUrUbfLJGG', 'QkqARNfTsr', 'rpjBrDrehN']",
ApuYncjUTIdjfGFoZpGFMrlBn,,"['George RR Martin', 'lqkPzeeypk']",,,KwVTHIwKPC,1914,,"['jwWrFxzbbD', 'zvoSSpJvil']",
spEkeaBLyfbSehaQOUvRaedGU,,"['Aneirin', 'jHpCVmpYbn']",,,jLcUmIcprh,1911,,['YiXjDWTjUc'],
teihKFWQmyGgfIQAiViWFosbA,,"['Aneirin', 'KdthnjAVTB']",,,QOPsnBolAs,1980,,"['TbVqZGysRL', 'TEvRQznvng', 'wNVLAhAZky']",
ODbMGZcLQHdubmxhVfIBUVbbC,,"['Jane Austen', 'FMeqLBjCNO']",,,GseZFWkAUp,1981,,['YEpyTgGsCb'],
AmeIEjdkeUuONAVNdkhamAWio,,"['JK Rowling', 'uajTZGoTeZ', 'YgBgRLTjkO']",,,tuKTWkSaBp,1991,,"['swAhhaODHb', 'wmDakjQLBF']",
CtJudiAKfvevMbzzcXkNNyTxk,,"['Gabriel Garcia Marquez', 'Vmyckbvbsk']",,,fclPwQdcZi,1923,,['zgVCZLwYbR'],
kOyNznUxXLTQkeBdfRLkYBoZS,,['Gabriel Garcia Marquez'],,,OkXyvhmVYb,1940,,['fXrQLjptSg'],
KwUnDSTCjxotYXJxGGwKmHuqG,,"['Aneirin', 'QzxZWDYjJx', 'KcWOvXlShc']",,,JpyNzPOvak,1962,,"['hzFWCLOxUs', 'eOraMYpnPQ']",
TuWKTchDzXbYxIAoCJjpXozqp,,"['Gabriel Garcia Marquez', 'cBzlLqHHnA']",,,GQfKsuFIbu,1901,,"['quwHGTWPXD', 'WFyRjDUqec', 'BBfqBobxEB']",
IHhrkegsRpLtySbfveRQfUZcJ,,"['JK Rowling', 'vLagUOVwxA', 'BJDxWmaXRD']",,,LurZQSVAub,1914,,"['PXddbVDSGZ', 'ohtuMqnaOE', 'QGcTjvgebZ']",
edOnroslHGHvnQHJJviWyQVzY,,"['Gabriel Garcia Marquez', 'WROowqnBsX']",,,woNBfWEqjU,2069,,"['DhdTyNOLDO', 'iBoHaaDBvG', 'WXsPMmiNxK']",
PsqTMMNRVJseLBXUngmpfILxF,,['Gabriel Garcia Marquez'],,,QhlzyCmBZJ,1978,,"['ZmQRTSmcyF', 'NZWgIWJcDV', 'NUnCDYmZqI']",
dfQCmQvJYVaXQmYGuEJRwSrhc,,['Fisher'],,,zTxAYGqcwl,1918,,['aBrzuEARRQ'],
enVAtzgrtQESRXhIapEbmOMZE,,['Ernest Heminway'],,,pWdRvGhXSe,1997,,"['BtsVNwBzpx', 'OHYGIMxcyG', 'xDpIfRThVQ']",
OlFXpGYAwqDZXOZXFWLrBQVhL,,"['Gabriel Garcia Marquez', 'IiweIlulFF']",,,KpvWlAgXdF,1936,,"['NOsZgoKKhc', 'wNISTZVvUv']",
NwpNeehGSjklRuAwscaaLJbCv,,['Gabriel Garcia Marquez'],,,umvUINbqOK,1902,,"['EqvOffOmSD', 'eDhMYVvloa']",
YrMPMETXGNpYpshEuoJcDdiQI,,"['RR Tolkien', 'apJccxXCdK', 'XOtgkDNmjo']",,,qsKyOqzwNf,1912,,"['iImKgfDvJQ', 'tkiwMuHlmQ']",
yNwYFeVXtYoIZqqprsSRojBmJ,,"['Jane Austen', 'ptbLlQsrBU']",,,wskvoznpJF,2000,,"['halVWoHtgk', 'eoQAKGpWKv']",
FEefBdZekMCtxjNUJSDijIHvM,,"['Aneirin', 'FHKSWnRYAI', 'kFaijyZwmx']",,,ybpOYaFTbV,1914,,['idHbKONJwg'],
gorWNfSwVcFnepfEEldVtrMXt,,"['Jane Austen', 'NACEirWrzG']",,,ETGyaQevBm,1977,,"['ulfotXBJoz', 'bgbrZXXtdJ', 'oioHdChgoi']",
DQHkhuhQiRBRizAabxWlHYCyb,,"['Ernest Heminway', 'UjKmAsGkZG', 'QMmdnFyLPL']",,,renbypMRIs,1976,,"['XDxqxuRgxk', 'nBASfPPisT']",
hfwMcElVEzKUIVhXkqJaGbFSo,,"['Ernest Heminway', 'WIicFJbVwt']",,,yTncHWbcop,1965,,['TNeFiSVWIm'],
tXYQLVmjFMFArIMzQxOKCGDjc,,"['JK Rowling', 'EESAZYukYE', 'OFmwXuOgeX']",,,OfdqGdhNnP,1942,,"['dQperObDvR', 'CjsteCfaDY', 'fNlRQkLpRh']",
caxgHHXkKJFfdjiBMzscfmLmF,,"['Aneirin', 'iFzFVpGQzc']",,,SeBnFMOfqt,1946,,"['gCvDKjkFlQ', 'lfcPJjzreD']",
KBurZzgUfYcuYLkmesUHAeYxz,,"['Ernest Heminway', 'ASElzWkCQK', 'flBpbIuajM']",,,iUOlGehWIU,1915,,['RfBRdfSiWc'],
srOSsGkSxsxXYwSyuoTEAmVcH,,"['JK Rowling', 'CVArCabtna']",,,mvoooTiUnD,1949,,"['uxUrHzXyFv', 'YqaZIAfFJm', 'jFQAMtaNkl']",
WmsQIInTQiTvyZPFWXIkVLZAs,,"['Jane Austen', 'GpmBmDvLCU']",,,wqWYoHZeuD,1963,,"['vMjCnEPnas', 'wakWIMHzpb', 'zsbTIrLfLO']",
FikgRxWVodHluUOUILsOnOPcT,,['Ernest Heminway'],,,JKnurFWsgk,1949,,"['KlkSBuRLXB', 'McvYKeAhHS']",
azEPgJGDcqGWGoYPJmYZpjKGM,,"['Lovecraft', 'GFSuIpaVSC', 'sIxPjoPxBb']",,,rdFtkbhtHQ,1916,,"['ZhOgdTKBdS', 'OyYVqpbKNj']",
FXzZIYbbyBOllqFpeGUKIysYt,,['JK Rowling'],,,QdZmCgtHPy,1972,,['UfDdKscOec'],
ccPUDkpsDkQiIUsKnRAgDpnoP,,"['Fisher', 'YXciVMfkSG']",,,ZgxyAeYCye,1929,,['JYoZWSDwDb'],
RXgOmfCbODdhWiRiQtezdGCmQ,,"['Aneirin', 'yctdMZNzzW', 'lAugkkXvnk']",,,doTwZpNMgg,1931,,"['pOeLnjhYvM', 'lTTFldViEq']",
pznnRITcfsuJohxispROxsvQb,,['JK Rowling'],,,HRWRHICmwi,1987,,['sIfAugDkJH'],
psNDWjhXasPqiivEZzadsCuav,,"['JK Rowling', 'kREJpcUGBu', 'BQjgHJNiyv']",,,gmzmWEcSIm,2033,,"['rMtLAkhcXS', 'CAANSsqqAe']",
LAENWmnMzbxBTJvdfuSPkGcfT,,"['Gabriel Garcia Marquez', 'lEYqprJJDT']",,,dnUYwQNrsK,1916,,"['kWZLpHbmOD', 'nXHNbZBCjV']",
qRVFTwWndzsJghVcMUOwYsFRN,,['Ernest Heminway'],,,OqdSqUeNbB,1975,,"['QjohigkInO', 'YbgVoXqtYe', 'rDYwaIqaaK']",
saILudRHrlWCxvUxFPqufkIdM,,['Fisher'],,,aYbuOavXLC,1974,,"['OtXwmZjIoz', 'USNDdBNEfN', 'gefUXKSXho']",
WCfFAtwkPzySPJWUuFLZHdjxH,,"['Fisher', 'erqlikHDHt', 'bHgOpGVwcB']",,,RbrmiSPaqN,1975,,['NdoQwrqBwa'],
ZKRBOnYnaZvPcvKCiSqfjEMxx,,['RR Tolkien'],,,YriSULuNyn,1955,,"['VPLwMvHJuU', 'oxvQzZKzyb', 'EUEhmdmeyZ']",
KmaZGeRkGwUOdigfOsQRuEyLl,,"['JK Rowling', 'RzTqiahPgb', 'DrnLTZtHLZ']",,,jMxnNidfmY,2039,,"['HTAaHVJMXQ', 'CjsVgEFPQi']",
evRMDGqaHnrOftlRiTimBXMSd,,['Fisher'],,,PsmbpXFWAR,1912,,"['CYPQOqUWKi', 'NsykZyCUpA']",
XreKXPKazRgBTEctKFbBoYesd,,"['JK Rowling', 'yVeAFtpUUG', 'UgYouksjbt']",,,OxLVxtkFPu,2014,,"['LverlBNvdc', 'pnObOpSLuo']",
qDlaIgdzOlYmHEpafgqJmTWlG,,"['JK Rowling', 'MoWSThLMLQ']",,,noGNWSciVK,1951,,['kFBxUqNuZU'],
SJincpYNKKsnCFwpnwbarvHno,,['George RR Martin'],,,NcyRARreXo,1911,,['DWQrhwtvqB'],
CyHUpaRUWVPkQPgOzDardlkQr,,"['Gabriel Garcia Marquez', 'SgmQzNWWfu', 'iTvPRkQVGh']",,,TsMsjmpetM,2045,,['fhquRGEILy'],
LGOUYeQXtdaUfsOTMwPtAOwmC,,['JK Rowling'],,,fUSFLdxAee,1925,,"['eaHPMOroYM', 'PgwVCiTdSy']",
qliViXkiuGVLXpfZdvREYTvok,,"['Gabriel Garcia Marquez', 'fwzITbGyqo', 'dwkUSWgiQV']",,,fgFUeOnweN,1913,,['KQppokFTiz'],
gHXzOCSBgvFzLoyEdxDeCtLYo,,"['JK Rowling', 'hnqpmJENVC', 'MUymCZcINB']",,,wQYHDYUdZS,1935,,"['MJEAIBnQJT', 'uUScyrxqLs']",
OBgLBIxglMQSJQPYvBQLhqqnO,,"['Gabriel Garcia Marquez', 'VNotscTxrM', 'gRVobgnbgP']",,,MGjCokkWBn,1981,,['WDCcwEPLsr'],
ybhRYJZdaaGWNngsMoEuMJLFM,,['JK Rowling'],,,WLOcLhlORR,2010,,['masqbbJeWR'],
FOXqLChPOGyiSwnkyctiVKkjf,,"['Ernest Heminway', 'GKNkMuimfs']",,,LSPgJFECRQ,1943,,"['xRtHmVnNab', 'gIFXeiufHH']",
mvyqeSoVLdkzrZBycQOwJnxQl,,"['Ernest Heminway', 'qkxPQjfzeW', 'jGExFWOagu']",,,pRaXWdWmRZ,1910,,['zGilSyXrFd'],
vOrENysbUqzydVVAMgPaXFiVX,,"['Jane Austen', 'HTsCZRfmet']",,,wgOPsQjoGF,1966,,"['DVIiodahMC', 'VqsMVvTfUk', 'MMeQXbWHNr']",
IRoEdfaZPXhKApSYzRRljGPvP,,"['Jane Austen', 'LFOVLBduIH', 'zlvHScAMIE']",,,plvBUeljnx,1961,,"['DSPHkbZgyj', 'bVFZpoXHBn', 'bPXkUGCnRf']",
inhNIKOAVaiLscoycKLwfmxcp,,"['JK Rowling', 'MtJbPaKVuL', 'WiqHZLSmHM']",,,QyBHLhDhTV,1989,,['VYPNPUVECf'],
ApoQHGhYbhbAQYZwvFMKIWWOl,,['George RR Martin'],,,HlUnSXrrzK,1907,,"['VPcbVGvlva', 'uPhXCqmhMH', 'eTiiTulyxT']",
UXvAmeIaPCUaWbHyHUPqgSTvM,,"['Lovecraft', 'FPoAkDhjNN', 'OKckVmPvCs']",,,sXZSdesteL,1946,,"['szPUEoeaWY', 'fTlVHZyjjY', 'sIVJgbiAwe']",
pgbtzwqaEgbpALTPFGymOukgd,,"['Aneirin', 'WFkaxrkntg', 'GXmXQAVEDA']",,,wPiGLIyQPf,1938,,['ZufQbVVSdm'],
WMDEkVXlHZEHEYFwiPqcoPxUp,,['Gabriel Garcia Marquez'],,,LKfBfRnxHF,2026,,"['GuyaSTNapR', 'wtdhwgLBxQ']",
ReHhlssusWbKzGGzwSsRprFnl,,"['Aneirin', 'trNdSuhlTO', 'LBOlRFpPez']",,,WlXadVqEah,1914,,"['NWVxtHgKDo', 'pwFwahnseG']",
AgfzOfyBhdYGNEguVsBQalHME,,"['Sanderson', 'YdlKqKIbcj', 'PRnjZSfnWK']",,,zHLXtUiGTt,1909,,"['XEsnMzUQnf', 'NfmIjWAhPH']",
oSJvPhKoRpFNKRucjPOQrQQyT,,"['Ernest Heminway', 'WkZUWOdLYj', 'wINTIeyHBF']",,,JQFbwKLCIS,1970,,['FDlQLNvWmT'],
YiuOwCgEpbYSphDWclEydgFEn,,"['JK Rowling', 'zFYqednuLq', 'dMPOoAaJxO']",,,fSgEDXtKtY,1954,,"['qUsFcwtLOa', 'TujPAiRSVe']",
CnsniDBTdERNlFiBOVQjoMwYe,,"['Jane Austen', 'RWnNBoRhxq', 'IMJieCGVbo']",,,IYKAidnClQ,1931,,['HSJXzMzuBP'],
tVeZUDqUOHAlmDBLPwEXRDWGJ,,"['Sanderson', 'dWrzYQtCFw', 'znoPyZLdEZ']",,,VcmUZWLlwu,1906,,"['fKiClfkzpC', 'CMVGWnMfPZ']",
wZSenyRMJQQeXCPIlejYtVqLX,,['Lovecraft'],,,LvBMuaoGKU,1900,,"['pIJxFZZOyE', 'yTNSOBVqPH', 'EWpVZXtEKD']",
AVselriOOjqmahMtuevEjainA,,['Fisher'],,,nZIFjacgvI,1905,,"['dMGRblyvzt', 'hKJfHWJoxf', 'ZBXRSuTZWf']",
NWmjwttrETbGtGxYNOBhlRgCw,,"['Sanderson', 'iUXQGJtVpO', 'QKaoVBiSvJ']",,,KgWEvoXBnc,1902,,['tTqkjJIgfV'],
ElFPNVETzByJKjdTmHYPcSXDy,,"['Fisher', 'lEvOChoAkO', 'MJZAloDMTO']",,,qabppgpPrz,2003,,"['TvTQEjRamu', 'wFQnKCHnyN']",
xWvLvUPMlfmqTFeobjLMtTDbc,,['Aneirin'],,,GbBGksKxcp,1979,,"['zoQrhmDLTo', 'qgSfguPpPg', 'PwbNOtJhmG']",
oIGJhpvEwpIQMPEjpBSOLXtww,,"['Gabriel Garcia Marquez', 'uaimAxxAtE']",,,MDCzDnJXOe,1942,,"['bPYQmKVUtX', 'ACQahCcilv', 'zoQXyZbvuQ']",
gqnNXkvysnUbFxSklkphueuRT,,"['Gabriel Garcia Marquez', 'wvYCOjfMde']",,,geJHYhjrPN,1918,,"['vNsYfviVMi', 'dyoiXGmqcI']",
xgxKHhxcsGcpvICfqSYARuqFj,,['Ernest Heminway'],,,SbNmHerCDm,1970,,['JKEKrXkxOs'],
MkELwxZUgBpFripAVYgkgvqvj,,"['Ernest Heminway', 'sDWXCKNCSU', 'ATWgFKcgqt']",,,viFkzBjPRH,1988,,['gAVQQRYLBw'],
ntStTrBSGXwGspkmJTNQKcvZQ,,['Fisher'],,,gkJHIzGclM,1940,,"['aEbyhWYfQq', 'anURxPvUnx']",
jZdUJfrqNSpHjoGQIolKxhzQB,,"['RR Tolkien', 'ZwlMqTLSPh']",,,ozwoWjmOVt,1922,,['HlTTciMfQy'],
MDvIEZfpHtmefBedibsBhSUPC,,"['Gabriel Garcia Marquez', 'uujvxhwgoo', 'oaFarnOFKt']",,,ucFkwULgZL,1970,,"['diHkQpxfWR', 'AlJYJxlcRo', 'wKwBmNQtDz']",
JIVZzDnTUwQjQWwyCOxySfBsY,,"['RR Tolkien', 'ZrpoOunvHV', 'CUQCOncoZz']",,,yuTkaaVZYf,1910,,"['xUomYxVmJS', 'KnjTTZUNgb', 'xadFQGoBYP']",
blPOIENrgnpOHwFiOuLlvXIsa,,"['Gabriel Garcia Marquez', 'ZixlfAwlqy', 'SkJLCWiUpl']",,,ThUkvmbpFh,2023,,"['tkBagkzNQT', 'JIWGsnZORp']",
CZpSEMjfYelcMgMpuFGHOfGmb,,"['Aneirin', 'XKETCwTjCW', 'YWfPpbBebF']",,,IkmYlSOFYt,1919,,['BtBEnuxfCN'],
VUIGVZcUdfPeltdyYJJgseENa,,"['Fisher', 'EFtmVNXKld']",,,tEwpEdgzTe,1938,,['CTtCxrBqAC'],
CPeiZAAgJOItOtphxGDpdGked,,"['Gabriel Garcia Marquez', 'wxklqmMqGC']",,,ZhpWeCVhhz,1946,,['YUwpHGNKAj'],
FwUXGqeridRuuvPqTljgKVOyp,,"['Ernest Heminway', 'VQmfXypheS']",,,fdtZsrWTZQ,1932,,"['kDDJkbWCpN', 'tpctlFFNkS', 'HmDFAozvEo']",
YQZPTRsAAXefqvCceZohGFtBb,,"['JK Rowling', 'RxaTtHQivl', 'JJvqcbDGkk']",,,ixqNMkQJFC,1955,,"['DYbIfBvjdg', 'kdsFbSCZda']",
LDNEwfBOXlRoOkGUxWiqoYewn,,"['Aneirin', 'tflbXbHvzL', 'ZSPcGVhIin']",,,XdlsbjPvth,1985,,['tmmnnSKGFN'],
EapscSJBBXCUusBnWKgjAJXrB,,"['Gabriel Garcia Marquez', 'jugHlyoSUL']",,,NebHvqLIum,1953,,"['GqilJEPCVX', 'HhQgbQBsjl', 'fukqJAwCWr']",
lsMzHwffmNKEhcablGrlCYren,,"['Fisher', 'ksHNGOqxUd']",,,iVZTgitjTx,1961,,"['gzaBFcDFJn', 'AoitzLVGwt', 'ISoWGEluYj']",
fZFcDUZYktOzsrNTtUvqHOBeh,,['JK Rowling'],,,zIJovnudDR,1980,,['dAoyCubnfT'],
IIZaSeglRZtWJuWvaNCqkSsPz,,['Aneirin'],,,ytdSKVDeDD,1915,,"['QonSYeudkP', 'JNxAeumRda']",
BqyAkDcnRFreGKElaBpNWdblD,,"['Gabriel Garcia Marquez', 'mvqFejHfYb', 'kfjgjMSZeZ']",,,rCmLNaYOia,2055,,"['tKqNZmdIfQ', 'VWjIPugEvJ', 'SKlwjEuQAa']",
joLQohLGlgQQzTpRuFdlhBLtb,,"['Ernest Heminway', 'bQMDcGIQOK', 'IoxmfyEwEz']",,,zQriGGelgW,1951,,"['JJkbfuYUfB', 'wMNFSIvVWS']",
MaonOyyRPpNIxIHTaUeopcrXP,,"['Ernest Heminway', 'bZwSIbTkVD']",,,CJYDAadjSV,1943,,['CceYxUJYDe'],
pBwhrjsCDzWXcxmvqiorECMAp,,"['RR Tolkien', 'aEcLFuJcDV', 'wKlJXADdrX']",,,mZsKHVXkZU,1946,,"['mQykIFWTKX', 'qYYMuzfujM', 'xhHmPdzJyD']",
kHrLTlBQohqYfcVXMPSgiyWiI,,"['Jane Austen', 'duVPPkFOPJ']",,,MaehCoybmR,1903,,"['oWuUyzJKUi', 'LBsMPgVZuO']",
JsxIkYLyfLpEZmwoVZHgLtUxn,,"['Sanderson', 'AaoDNCSQlW']",,,oBVrKKWkFX,1907,,['deIwjlPyXY'],
RSXMfzYzcvUxFgEKrEzwcZGLn,,['Lovecraft'],,,JpZRSYWcKB,1902,,"['TshmVlcSFN', 'DPDLhXKgGm', 'SJhBXyagjG']",
uNFBepttRMlZOVcybwqmIaIeR,,"['Jane Austen', 'cITJhCEeHu']",,,zuWOyWfKBz,1971,,['DWnGXiSeMF'],
QBTNhTxgyylTpDRsqEIbyOBRu,,"['Jane Austen', 'HNEULDeOyo', 'MxlynNCjnP']",,,pvRwwRsfIY,2002,,"['AKipiQgsen', 'sUOlFHuXqf', 'XxLkRZQzHr']",
pAbvQAmGoAgBoRronlQHiOOKq,,"['Ernest Heminway', 'NakVJhOaol']",,,WYQZadQEmn,1960,,"['gfHjEVKmhe', 'WzneiWfaiC', 'unXbNQsqvb']",
fhgiQJCTQrwjFIFOZIGMWrhAY,,['Ernest Heminway'],,,qZioPNBEaA,1965,,"['rZNCRlgzDV', 'vjowgimKsg']",
xSBGahobtvaBVrQAAvEpgYhYc,,"['Ernest Heminway', 'PiEuPWFxAO']",,,JGPPCjwhtP,1908,,"['uEybWqmXIR', 'FmiHLsLypD', 'QtUhwiOSSU']",
dRDXxgddiNoTipSISMMjOKMGy,,"['Gabriel Garcia Marquez', 'QWgKrFCifo']",,,vERASKOWez,1939,,"['NewEZoBkWG', 'YCmSwGZMqy', 'nUYrXIXWmv']",
fqdeRTXMBshcVZGMyCTGCaiuE,,"['Ernest Heminway', 'VaOMZFXhdV', 'gzZeLZNMkg']",,,GgahJeiqic,1919,,"['SIyYxiCHgN', 'agFdUmhZAj', 'bIMLWMWAwu']",
MktTrWZEKJfsgNRClFjNWQCqI,,"['Lovecraft', 'oszEPGVLjo']",,,goRHsaNRHD,1906,,"['zojhGzhYJf', 'tgwZZTUNLD', 'OioVLfNxZB']",
ShWHwRcgxTvhObBvHeAlKPKdc,,['RR Tolkien'],,,klfskZmuIn,1941,,"['peXIxqXMFv', 'fLQzwdxHVn', 'CIQbzqMcuE']",
pLLbPRgVHnpOgJghppJBGDqlO,,"['Aneirin', 'segmLaHBYF']",,,YoTOMCwlyg,1921,,"['IlLchJNYei', 'ytZPKnwEYz', 'RDTZeeVTpQ']",
atUDhXabUKcTbeSzBLjxDLeOB,,"['Gabriel Garcia Marquez', 'cwejhdGULq']",,,WYbixdqukx,2068,,['zpnShBTOfu'],
NUfyvHvmbUAtGugqeNmxZIoIJ,,"['Jane Austen', 'HSvmdWwXNG', 'AKyHpayDaH']",,,SBuZLtoxXn,2003,,"['OCTuSfjAqK', 'OdmSrbdLup']",
JivfmcsqLWoENuqUWPbAEFQUX,,"['JK Rowling', 'pJFZuQwcES', 'ndcVOjjGSl']",,,EWlKNguKJY,1925,,"['LNnBCsxIwt', 'eXBsUsgaIY']",
OCwsZLfcnEGCCiMydxPzbjFQx,,['JK Rowling'],,,LaemFBGWfu,1920,,['hXuCopCAjl'],
OFAJJWTXdEHqTFVTIwCKXObEm,,"['Gabriel Garcia Marquez', 'vNhufYmphK']",,,wvdavzDxzl,2026,,"['zGdiVXgHAQ', 'GdflQDiSJa']",
oxvgooOJmQepdgapsqLJAcuGS,,"['George RR Martin', 'BAWJuHAyfr', 'rzcvMeEUsG']",,,ZYTPcHrjlf,1901,,['cpHxgTNzhT'],
cZEnbMOtWPFIpRueoxJbGVtBp,,"['Lovecraft', 'uiNLcdbkbR']",,,DOnerOkiks,1931,,"['knimbpnEwH', 'ZkeprTqjSw', 'nWhzFXpDpS']",
yUZqvuWLnQhieDpCKQGdnuoOg,,"['Jane Austen', 'IjvpjnYahV', 'cWckETbVrB']",,,mUPVbeBCvT,1999,,"['oPBruLpXtf', 'xJRvpqRixx']",
ZmqgdBPOlDkqnGRzjgOEmwcPj,,"['Aneirin', 'ceyESfziaM', 'KAjwwURdbk']",,,ekdRJzgGsz,1958,,"['JfOwnFxTaA', 'gYzxTwdaNK', 'fNCAVPzSiS']",
ERfRgycqvYCCASIcHMSNKLzVO,,"['JK Rowling', 'tXtvCmMQNk']",,,WIneEMjDZi,1993,,"['vGwhqncPWG', 'XjATgalvKM', 'DebmsDEmnS']",
uTsOYxEbBzGoCwPCjvVtUpTTK,,"['Fisher', 'nhVnyXhsho']",,,AsSJZBYHwV,1998,,"['vXHAGLUvnE', 'XqEbKaLQKC', 'EaOzTrgtdd']",
fQWNneBPJLJThsOOleItLZmgL,,"['Jane Austen', 'bxKqwsaCkf']",,,oHogyIiBUL,2007,,['kqGtrPkJVd'],
aVjVkZJAzhvnKTezMvXURUSPf,,"['Gabriel Garcia Marquez', 'VyEwCvFjiw', 'sdoJRztNgA']",,,yHWnOnOyvZ,1902,,['JzIKXKjHhi'],
eNiULEQnwASJNJeQgVGgcxDTO,,"['Gabriel Garcia Marquez', 'xdjvaDpwvU']",,,buxwRuWifG,2076,,['VkfOYVjuUC'],
oVojBoAPAcgIVGYPQrEtUsNFU,,"['Jane Austen', 'okLZbqJYxR']",,,zibuITZqdm,1916,,"['lBkckkcWVn', 'JdnNtphZIv', 'DwsbrjLvqz']",
LsEyuglYwchBdINNWowxLcfKh,,"['Fisher', 'yJTwCZUrZi']",,,JvmtUTfNEA,1990,,"['SKBslSoKdu', 'BkhCFYEMjN']",
HEdfmasTmtFhDaFZbSkpIMZXk,,"['Lovecraft', 'HKsICsGCdr']",,,eujhZKJIsu,1921,,['KmeHZKQncI'],
xNYcQsJxwKAJkEidwqdGsCFoe,,"['Ernest Heminway', 'hkQiIhlPZD']",,,apJXbCtmuF,1911,,['JOVXEjEzPp'],
sVanQZxiVvDJjftlSUwhGPGqQ,,['Aneirin'],,,FGIlDxjleV,1914,,['eDapJeogOP'],
QQDhipKWngAJuYdkUafNtwxOF,,"['Aneirin', 'XySGRgZkyq', 'HPwPDdGnRk']",,,DmKWUFkdfL,1906,,"['KVLLdWOpBo', 'MaqBsBDBnB', 'BArtKvaexr']",
veAamFKPvnIYulIwvPVpHMSqD,,"['JK Rowling', 'QGQxMOZkFW']",,,mwQGWNcLuS,1984,,"['mSzkbEzdUX', 'UnbjnFuOcn', 'FgDjdpheVY']",
ViTzbWXvdXUdWPRJgNOEDbdMC,,['George RR Martin'],,,iuGNFPVibz,1914,,['HhItlpOGWg'],
VYCqMDuvpnLurVnvpvawxwpEL,,['Jane Austen'],,,EvQDfXlhOz,1906,,"['fSRTjOkMYe', 'GqVkvwUXla', 'cRkDNXmwGT']",
NHRxvaWqrVXQxPlxROKiCGKrE,,"['Fisher', 'lwFSvLDPwS', 'uwKmFfdquR']",,,TewbPMBfun,1970,,"['vMnVTwthxr', 'gTkPKfOmZA', 'UFMdIrhhHx']",
BqZenfEdWcoiSZdhaQSfAqqJW,,"['Jane Austen', 'keDBRKdGnP']",,,HfInQAQVim,1902,,"['CaqsmXoakf', 'ivPYcBOgyR', 'eKTgObdTVK']",
BvxwyLmLpmpuVIXkcURFaujjx,,"['Fisher', 'JIIytBvAyX']",,,MpovRGlmWf,1973,,"['OHhOEkGtEq', 'ZOpitEPNxQ', 'mzDKMjBcmC']",
juimnAINOJqalQSyKdVveHQed,,"['RR Tolkien', 'hqWTmBtsMc', 'WTHnUjyafn']",,,TFzMOxCcfc,1938,,"['IDuhcBhRiK', 'kqvCqlSITH']",
bNChLpgmwrvvNbTOsJcEdZjQK,,['Ernest Heminway'],,,WEmPRTThFn,1917,,['qrCVrVVzqO'],
dVgUxNnutQUfQSiOWAgKpliDN,,"['Lovecraft', 'EiMpIZWoxv', 'JfIszTLKaj']",,,CieqFHfNbZ,1962,,['DThfdpKBXU'],
WvZEqZneACZnktqKYrVPqfZvf,,['Gabriel Garcia Marquez'],,,ZXbtXdAQgt,1949,,"['CyKSyaRiLT', 'pPChfzdnuJ']",
epPrhZSPHXZuEEkTjnDONtQRp,,"['Gabriel Garcia Marquez', 'WRvpbDYCbF']",,,dCtrDhgTSu,2040,,"['znXmXPAIZx', 'ZRvMpAQQcm']",
VGcXUYAOxjYucvskaBoSyhvvu,,"['Lovecraft', 'WrSfOuExGh', 'YTmBfPCbsO']",,,zsnNtgzEur,1929,,['KvcmUDaGtU'],
MqOfNlmuGrZGFVGCcqgpWSkFn,,['Gabriel Garcia Marquez'],,,GgKbBsULMc,2031,,"['krryDsIdXJ', 'nbnPSBDvkH']",
MKpzlNJCDHAYehSmYvspWrWic,,['Ernest Heminway'],,,okfnrukZeI,1955,,['nYCSOGRWOm'],
TjAOUponFPqGznHiuKiborDEM,,"['Aneirin', 'EZlEMveeze']",,,yWlepjYiNA,1975,,['BAAIeCSLkw'],
YtSWwxMcUiytwvCiqRfkkLfBU,,"['Jane Austen', 'KQhFvYGUKZ']",,,azlXfksqaM,1997,,"['itfngBFsNj', 'tMiGGzOSHn', 'pjGdZnNeqo']",
HiRmElaHweIthKhSbkavriiRD,,['Gabriel Garcia Marquez'],,,PBnDdiBBAG,1966,,"['cCqQWKErQg', 'GIxxGKynCd', 'hMFFcCbsvk']",
zUEKAxIDUiapoWlkuubjKsUEA,,"['Sanderson', 'UdtRRcTOKU', 'jFlIzoaUDp']",,,mIJmHzbeXD,1903,,"['iMVUzwMtLN', 'atiMlxMNZr']",
rjCzBQdyQECjAZziOFeAanWCM,,"['Gabriel Garcia Marquez', 'ZEGxQDlWxW', 'eQFgmVKLIL']",,,YkwOsWPOau,2052,,"['eycOdaEBMD', 'KaGThAcWxq', 'zWMolvusOR']",
raoVRTOAImRtHMLMLCyXKNzpZ,,['JK Rowling'],,,GMeTWNnUaR,1971,,"['BhcDiaLskV', 'FJYWZVKgLh']",
FjbroAttvmAueUNRdIdzKeBWC,,['Ernest Heminway'],,,RzQFmavOzB,1994,,"['YZKHoFTRCh', 'rJoAYrYbhb']",
WgZIWvZcnzGXowSOvFjlptFzj,,"['Ernest Heminway', 'RBsiePeWDS', 'YwIxjELDov']",,,ZFhwknXLgJ,1900,,"['VIuxRQHAea', 'PveTIMwfCI']",
pBhQOdVrvmGnYHPeBNBvRlHZQ,,"['RR Tolkien', 'XfWwXOOjBA', 'RHBRKgGunq']",,,vuuRQxnywl,1936,,"['jUtwGHZEJl', 'XwqTjpsPjS', 'MlsnXWRCJa']",
HlYEFKYXVNyTnEmcRVcUhBQet,,['Ernest Heminway'],,,Knibzyezww,1934,,"['euyfzrtRKm', 'aoFpyVffht']",
ACYWDuxaPzOhiJRFiajYCAJUJ,,"['Ernest Heminway', 'trMKIpQRcg']",,,JTqLyicQtH,1994,,"['XwyGdQIIRG', 'JvwnKuIsAX']",
uJvlDvedkEhEBrFmRAcWtRMdY,,"['Gabriel Garcia Marquez', 'XOMsqKRbeA']",,,ePxtRXONPF,2009,,"['kshngeLMxx', 'yNZyJkiNPM', 'jiwnguiHTr']",
ramxQHIlPGwtCmrrazMiXHmCe,,"['Jane Austen', 'kRezMkThXu', 'mktZCWlUXr']",,,PHPoCwSMig,1903,,"['ZHpFDnTXFA', 'jGJuajKlkJ', 'gahkKIOejv']",
AuLUpFLOnbWXZOaVlnzwHMZAz,,"['Aneirin', 'kOalmfnaFW', 'pAKpVKuDIs']",,,FtoNYTIZoC,1905,,"['ATgCiSlTxV', 'zvfPHWRmaY']",
vKembULUVqbYlcCAfptPUfYYp,,['Jane Austen'],,,HIPYCnZQat,1932,,['NaRepblcKG'],
IRFGvsRQEGdUCdGgGPxUJWDCz,,"['Ernest Heminway', 'naZDgIwdkT', 'dtuADCbAtj']",,,kMhyCZauae,1999,,"['SyjsKzovEx', 'fkggEFjtdR', 'HZHhzoRezA']",
tJOsiARmmWeFLHbwkEQsBKzcK,,"['JK Rowling', 'DThcmYbIgv', 'ZGosGocbWX']",,,VRtnJAVVCE,1997,,['ixWNtZtOpH'],
dVhKgOhIHxvdXKBEQINEHChaL,,"['RR Tolkien', 'fFmplWBYfx']",,,xyEqLOkhym,1937,,"['uIQkOJpMKv', 'bDOwyHEpiD']",
jNrGkCeinItCFuboJcMiPzKOk,,"['Jane Austen', 'hQTQNiRDvU']",,,kWPnGmwlOD,1921,,['KXzPKTNtKr'],
zhTcQvXPzlaFROEUXhpsONGbO,,"['Lovecraft', 'VfOqwzFzOu']",,,HdpxAxItaJ,1947,,['uDPJfiuRDv'],
qTUNKuYoyNTMSDLxmmhDFkXFS,,"['JK Rowling', 'wBmIDYkqFm']",,,TBHAIVJZyT,1912,,"['DjfPNYPcQY', 'XmEfPCwboH', 'AiKXJTaYbA']",
zYaNzjHGjuYWlXSRRCbNGnvYl,,['Ernest Heminway'],,,yrUyFiTlIX,1983,,"['ItsGpCvrIr', 'iHPRrhlOoz']",
FYQnxTnqcZezDuBSZeThDgATR,,"['Lovecraft', 'yzTUxWCTCq']",,,RAquyKkEbE,1938,,"['FzXSPmvlMR', 'wHPfDvnQiX', 'wsdNjgNnZR']",
FfsIklARqajqDxNzPEruvhFfA,,"['Gabriel Garcia Marquez', 'HShKcyQjsO']",,,mlLCUprNzo,2004,,"['xcTaZriyWX', 'vlWckrPaNe']",
OzYhRZQJpfWcwUmnSaofqioqn,,"['Ernest Heminway', 'pwAahQAnfa']",,,gfKaybdvUa,1906,,"['ESnvffLYvP', 'NROtTlJqEL', 'lLVFIjjICy']",
XDeuPkYAegdWaSqtzhKOmlWJy,,"['Gabriel Garcia Marquez', 'RWIndYhuLN', 'KdVJllNyor']",,,aiIREjyBXs,2010,,['gfaVBXOWyd'],
kONCnQJrRkwyMQehgfwTujXTJ,,"['Gabriel Garcia Marquez', 'WXDjvrUIfP', 'wlxCxTLiIJ']",,,nKGmLFRHjl,2005,,"['ZOOfigOxjZ', 'NvnsfGTHIF']",
AittBcdyLfsESpbYGhHjdJzhy,,['Ernest Heminway'],,,MrCWjKEOkS,1930,,"['GrLMgyFjSY', 'HdLekrJOJu', 'lQuqHMHAOH']",
UtbYGYEphfSBcWbVDBcPnBfZs,,['Sanderson'],,,XfqmKrCoTR,1905,,['vLFXfmTLSd'],
juaxVvEkcbtgEzWYfPVszqlsL,,"['Gabriel Garcia Marquez', 'SEzrUXBJpA']",,,rIcBxiPEXX,1901,,"['SmsaoNXTqS', 'wHnQnDnYEZ', 'uZpesedXbV']",
LaBPeJlHmyPFNVgKvONZMWNHU,,"['Ernest Heminway', 'gZMESuWleQ', 'fjCuySOeaZ']",,,oaSXwFrdNr,1956,,['vFANqPUKHp'],
DmSlzhnkWwGFbwVLbzxqIIDIW,,"['Gabriel Garcia Marquez', 'LaOfUDNlCC']",,,hYTodGJAWe,2011,,"['dIxapHXAGW', 'qKytZgVwSN']",
chbkdpTJfcLgraOSBjSixlImJ,,['Fisher'],,,JVOifdOAcS,1920,,['YrWMvwVBCJ'],
KARTglObUKInkgDmVfnFGpOMt,,"['Jane Austen', 'BXZvSfzCHj', 'NMQRLJaQow']",,,qOgmidGNcd,1909,,['grxzdwbZnx'],
dUyLaaMdOjUHBoUMBJraTvyuB,,['Gabriel Garcia Marquez'],,,mJUzEGwTvE,1972,,['QbzBnjJVvP'],
aWsULMuSLVRGPrQAUTkfkCBaN,,"['Ernest Heminway', 'YSnMxqoXjG', 'IXeLBfdJls']",,,TyCrnUidoV,1962,,['HFixZJJjpT'],
yByRlqJAcNEGJbiDLVddyOyXa,,"['Fisher', 'GHkKqEOmbe']",,,qmNPZmmCZW,1994,,['efLPbcHVKn'],
EpbqcAEkIXuIkeoeUBdQGMvMz,,['Lovecraft'],,,sETZOoRknw,1916,,"['UnIsBtPNDZ', 'sCYBmiGWiR', 'qDVGoBPOBr']",
ZyrgCunJMxOwnrstWMloTXSie,,['Ernest Heminway'],,,dZKgokICZc,1943,,['sjuFBqBair'],
KcIpzpgicrWuErrMhppLtpEJz,,"['RR Tolkien', 'tlYJIGuBFb', 'KWrIjvmGIc']",,,CRiEfbBGcl,1952,,['XDsWifVuSk'],
WhlovueoEXKnqVbKBxotbdTQA,,"['Gabriel Garcia Marquez', 'OlczQTQuGE']",,,PwjiRDyOns,2026,,"['mLRynwbcQn', 'FoNDJUnWCe', 'YaPCyKvWmZ']",
tSDXibKuWzBHFbeJSLpSXRhAp,,['Fisher'],,,bWFLzsCbsU,1951,,"['qfvACTOgpc', 'HciQVLjzOx', 'MDNYubIuVX']",
MKOCdEeBRiexFMbJGommWuEAp,,"['JK Rowling', 'nubPCNIwds']",,,pwRETCVDJL,1971,,"['ounJlGVgYw', 'VGeDbaQZIX']",
IYrwisJtaUACzbxylAnufhQYP,,"['Fisher', 'jGgSCinYoV']",,,YMOtplhbjG,1953,,['pxnVulUXhc'],
pQOwVhmuCFYHcoFYnAvSPKbRp,,"['JK Rowling', 'wWnacYgsqH']",,,bMKjqKHtws,2026,,"['afNOOhUUHY', 'lEfvaWGqqH', 'ZivVjNeEIp']",
xKEZKpOpFuPUjWoZxswSuiUIk,,"['JK Rowling', 'CSGmNwKDnx']",,,gRqCJGTbWS,1952,,"['HFBIZXIAqt', 'NwOrfGgQZc']",
GjcmZivymcELWxuECkxGBhbYu,,"['Aneirin', 'mAFNhgZjli', 'gRJUyNYncs']",,,SonBZMxkkr,1928,,"['RcTqoPmAXn', 'qqiqskoGAK', 'bqcOmGqARX']",
QrQtkdJYbJNARcNeyJvCIMfPv,,['Aneirin'],,,EqcNCUstYO,1928,,"['DZLlFSlgQA', 'VqebOAVuYb', 'QEcDrODeau']",
apWosOqlAUjiKNRjiRnmxGxsU,,"['Fisher', 'nPOnrdqCWy']",,,NvlFSerbnO,1940,,"['ByAFdiKqpw', 'HffjwuacbX', 'surtzDvHvR']",
mPmtQCPAUpYqxoRObZljDYkDk,,"['Jane Austen', 'tiIytFEnKK', 'yxlOiWDzNa']",,,XiokKWWfol,1932,,"['YmEzzdKgQs', 'JbUyPKVwVy', 'AyEMKpkLUf']",
KnCtFVUqAZNGXeGjXzCaAbpWH,,"['Jane Austen', 'mbavCaeYhf']",,,yYOEualUve,1921,,"['oHSEjwBCXZ', 'hWatrfMngz']",
polPuHZLvZcmFGjnFWYcXwjki,,"['Lovecraft', 'ZEGRjXlFUF', 'NCGVbjwDzd']",,,ExfIkEiHJO,1905,,"['xDXEdNxGAl', 'AdOiEoQDDn', 'sGyeRwvgzB']",
huhreYiDXdDEbTzgHBWvRaYeN,,"['Gabriel Garcia Marquez', 'QvUnKWJvtq']",,,qMVStVMBML,1944,,['LyQDPOTODb'],
rsxGOuBZKMDFTbmjVcidsumtu,,"['Fisher', 'SoyCCLLMlP']",,,MGlptnJdMf,1944,,['yWICGBPxbS'],
LzSnCPPGXkbRwMpDVxdbRxfcn,,"['JK Rowling', 'FerkxNFJpS']",,,EzCPDxOlzg,1969,,['lMkiBrSWkl'],
HqDGVPtbLLPrpSVnXwzZDZeHJ,,"['Gabriel Garcia Marquez', 'cyYDtDVbIi']",,,cCstuuHGzH,2005,,"['qVRBZvBhGJ', 'zAxyTWjrKu', 'bzrAtywHUU']",
ZOrppAGMEhuMkApgyYQGrQaxR,,"['Jane Austen', 'gKKldOMzVW', 'DGGqkTqzuI']",,,HLbrfPpIIq,1981,,"['UgiihcZBSI', 'PekNyWrtVO', 'LvFyTmxxqL']",
KHAHQOASguoYRzdqbyBiQtOXl,,"['Jane Austen', 'RRKYcTqDuJ', 'sRsejpTlOK']",,,OoeSfiGLJT,1931,,"['heiIeDqKfG', 'DrYGTsXvFZ']",
PWPYOuFcYXfsjiIlPHUNgxsFJ,,"['Gabriel Garcia Marquez', 'fFbKKoKlEY']",,,IDrUZtsVfr,2003,,"['ndhazTQhdW', 'XoICrqOxaa']",
kPGWhfbIDudPhEGILdBplfHeH,,"['Lovecraft', 'GgTscQtzbA', 'xemyqHFTQJ']",,,nOEFSrZncS,1946,,"['zvktkckdKo', 'YmuJyXcJTp', 'NQIMAzlVmp']",
cINFEpvplYmjoxkxoCvkpKaqc,,['Gabriel Garcia Marquez'],,,zUKLsrhJxq,2013,,"['EVlZILzJdh', 'btgvpeITOh', 'BHxShkjSzd']",
vpibIIXSmPsDbHmQWXZdPChyz,,"['RR Tolkien', 'uZsyEjBKvf']",,,TiNAbZDmoR,1907,,"['daRrxaAlMu', 'QReirWMbgF']",
QkkSOXrOZwuwJhanMeUcgusFv,,"['Aneirin', 'dqMSaMfpuh', 'VoaaUSwJTo']",,,gyFaGkiXJb,1922,,"['YfKRfEnBUq', 'cPfBtAZNuT']",
deuXEehGjVDydTBrBfAldsGrk,,['JK Rowling'],,,UACRhOVBsY,1997,,['NjWjDpEjww'],
KLbRQddjjDOiXPsoIHqgJzQnL,,"['Ernest Heminway', 'WFMFAOGaJX', 'XFMlWYMMXF']",,,RGGGLbdxEp,1915,,"['DuRhfIQrur', 'CPThQvlRNH', 'lHDgtgVuFR']",
EviPYitEeeSVWvAIBUdirJkcm,,"['Aneirin', 'FfHVLRusuz']",,,fsQaTdwnIv,1918,,"['gIwMAqSxLU', 'GvEBARoftN']",
JXWuwQfltEkPCbAGZAKSFZEJN,,"['Gabriel Garcia Marquez', 'fgaczfPfJy']",,,UuFTyZKdNz,1905,,['CAkcqEwUMr'],
HUOXHUuGYKSQAvCabVMCEHZbD,,"['Aneirin', 'fcYIijDlFr']",,,XkYLdHIsZj,1913,,"['KrlmGSFuqW', 'RGlnUcUvNP', 'yKDYwgQMHV']",
wzTeirasHirIaRnjkvbbtwHGv,,['Gabriel Garcia Marquez'],,,vfRRZIrAVk,2061,,"['iYAEysoxtY', 'GjGjEJzdjN', 'PMMqigPimg']",
qJUyafVEfzkkOqhjyzzheoFOZ,,"['Aneirin', 'RbSgZGbsAc']",,,GokthvFzAo,1940,,"['UBFQRmfQqU', 'gooFaqoXns', 'IihyVzxDVv']",
QzwgMtFJfaDXJqAWetZVqrChx,,"['Gabriel Garcia Marquez', 'DItkRBkyHG']",,,eKSYcvNHCK,1966,,"['rbhcLfZIav', 'fccnVovcTO']",
xwlrCzrkJgInPCwEGbNANiOlD,,"['RR Tolkien', 'MWXcUitzUh']",,,lvNPwitUof,1924,,"['tgRiTcVHzB', 'CQTHamMlnr', 'sQYWlmlvcs']",
RLFxoLtUVNiFxtqRkKuHBoYCU,,"['RR Tolkien', 'yRDYiaZXGD', 'mQkMlWDrYT']",,,cBdCkPZDZZ,1930,,['pJCvGrHzWv'],
yKcTZblFgQdWhJuBKQthYSinM,,"['RR Tolkien', 'JHoqzawsmY']",,,zboPgLhOXl,1942,,"['EEiWOqpTHF', 'AovHILpQxb']",
UBYJNUHQAhULmZsFizcjZzAlZ,,"['Lovecraft', 'kOWKiMyunz']",,,aACCtVMuzT,1966,,"['BjoiBHZvLL', 'uHxoXWVVXw', 'cHsCBEmXqT']",
OXjDbhNKAUfdIonzHbsMAeMeJ,,"['Ernest Heminway', 'XPfIszshFI']",,,WMwmcKSsSm,1935,,"['mAhBJVhcPO', 'TWMuBoTtsE', 'BAKeNwLVgR']",
bMtULuKgeUphhUqVusuFzpGqr,,"['Fisher', 'lCKlUsnogv']",,,BjmJIIfjfr,1956,,"['QiqUzYAmLo', 'rLnRLTodfc', 'TWzLmioDHQ']",
ZJlIthtryYnJaABKuCvyuzwar,,"['Jane Austen', 'UtcevvNjcC']",,,vPdgkphwlb,1937,,"['LSNjCuIPvP', 'LyQXWNZnnM', 'qIWyMogdPr']",
uXkaMEwMUGYqpFefbtcLtnysG,,['Jane Austen'],,,AVSCTscTbW,1937,,"['vUlIHrfspX', 'KSCWudopuw']",
QdsqJvndUrFcVWaFloOsclrZu,,['Ernest Heminway'],,,ejoFuhwXmw,1992,,"['tNDNtswQQE', 'elDBRYDUQe']",
HNalIkVBMEIeXzjtGctCcRnkE,,['Gabriel Garcia Marquez'],,,dvAtSbSzTU,2004,,"['FGzjNwazyu', 'kLowZcCwaf']",
XkqajGqwGKLLhlcqnzNjQbYuT,,['JK Rowling'],,,TGKqrCIDVp,1982,,"['cmkmDmBRKe', 'LOMrsXaVKO', 'JbQFcGmpHV']",
jFifIltxhTgGiSvdhbHAchFeN,,"['Fisher', 'prHHBdOgeD', 'zdsGIsJtOS']",,,stSwgItSOH,1945,,['UirmYnfiiq'],
PKyuFKRKNuHHSeTyRddcBYmbN,,"['Fisher', 'GSkuzXmGvH', 'BnwWMKtNWQ']",,,CuHihMtuWH,1923,,['ZGGJfeyjlV'],
SWawqAEeAANjVSaGUrXWwHYQn,,"['Fisher', 'KrMjqCuGoj', 'CBTGsixMPU']",,,DLgaIlRcnl,1921,,['qHqmZekAWX'],
CuZBOvfuSxMhVJuONSMPXGsoX,,"['Gabriel Garcia Marquez', 'AhbWhBxiIe', 'ZyKsUFSbbo']",,,WcneRzsxUY,1904,,"['JWXulXBnmZ', 'lcXlwVubRw', 'xMulHlUlVe']",
vKhzzxdPWJAEKyoGvhAydRBVZ,,"['Gabriel Garcia Marquez', 'WOMbftYiku', 'QhSkGZFybR']",,,slOIJaSerS,2023,,"['gYAmVfIyow', 'RXmHmjFimR']",
QkTVaDmbqWffghLYGceBkzcxB,,"['Jane Austen', 'PxqVEZzoNy', 'rLixonZtrG']",,,GuveJNoXrQ,1904,,['szyFaggTXt'],
BIXZYRJNjiRapnkEQUiDCrUao,,"['JK Rowling', 'GONaBFejmz', 'ybhhYmtFiP']",,,bFCOwHztNV,1969,,"['GYpmvYuCZP', 'kaKntXlGvB']",
aUaBkvsCrxVegkbhcbefUpYbF,,['Ernest Heminway'],,,tOyvSUxZId,1948,,['NPVhLmGEvb'],
JrToGmnaRqISXPjCkczlrvOPq,,"['Gabriel Garcia Marquez', 'bapgjeHKZa']",,,QmYmGhzXyP,1984,,"['YUSiBvijgL', 'QavLAlZzdy']",
rtKIaULHLsbRecAFazBrdAStJ,,"['Gabriel Garcia Marquez', 'aWsQftDzJt']",,,vItpOXziNw,2013,,['rqlduiJYUX'],
umAKVFYmDTunNxUEEXEDEyfws,,"['Fisher', 'NJcWGCdViM']",,,EmlxhfGFJq,1918,,"['KPtFwrGWmQ', 'DwpXMDLNgz']",
QDztIHGAOmFUlWaIzAZAtKlFh,,['JK Rowling'],,,AJObeqHOOG,1920,,"['cWyNRuKGYh', 'auriUYnrRi']",
VtfBeudbhgZsmQsFdwhlLMicQ,,['JK Rowling'],,,QSfvNVUOiD,1954,,['fXdbBBwHRx'],
MADTNtvxMWhlWsSznxgjmTDcV,,"['JK Rowling', 'IiTfwSbHiQ', 'kZXkIlCUJz']",,,rWiiTzfcBJ,1918,,['rAHIEkHDqZ'],
cPZdgmcUzmsClkafOUbBtwLOg,,['Ernest Heminway'],,,otFAuBgMbz,1927,,['CUMNcdwyPt'],
wBngBLfIoACSuczxAddQqqInL,,"['Lovecraft', 'DjFHaOXprT']",,,jATAfDxKOs,1966,,"['GEBSzjxTHh', 'hXzqmIlZCn']",
RinHggatgELZxRlfOulCLBafj,,"['Aneirin', 'qzTxBrhnZs']",,,WWvFMsiDrt,1945,,"['LVtLKrqsYl', 'eDsUsemVso']",
PLgSRNJtjAkokRdRidmWWwKRT,,"['Fisher', 'sQThLXtmiV']",,,EafIDnvQFy,1926,,"['BrtcZKvdwP', 'DMwbfyzZsc', 'hQCAWhfboQ']",
hdoqFMxTbgKChequJYzhaoZIE,,"['JK Rowling', 'ufxqtkCWZf']",,,ESHsYuPqTX,2033,,"['aRjunqvdya', 'XQdfcxCkfq']",
jrtriftGWREfMUYWAXsPjcBOb,,"['Fisher', 'JFsEwAvJIk']",,,xWqwUhoBAe,1994,,['JNokuGPrfr'],
sMvBKUsyzPejxoQpVOghmemKM,,"['JK Rowling', 'PeRLNHmHst', 'mGljyOwmXX']",,,bAvCcjZlMT,1992,,['wEqliUjbqV'],
HifqoENEzqiXjcQDFxBvUNLlo,,['RR Tolkien'],,,rAzjHLjZYl,1944,,"['vXKYsjQIVJ', 'nZGXTvUpki']",
RfQcaUVhStpKZdFoyXILEllRb,,"['Jane Austen', 'ZwPUGEIhZi', 'HiRkNpcllV']",,,ivBZBglxoE,1959,,['HRQcgzwrPb'],
dLYmUSClVnUpMTYorzjtarMEN,,['RR Tolkien'],,,JEROdUSTRu,1904,,['vXZVLStGbr'],
xtSwPUeebLbocXccSbbNSxYRQ,,"['Gabriel Garcia Marquez', 'WmSIsaqEPC', 'RrHsDXNpUZ']",,,mOslfCNJHj,1967,,"['XmMFsGmBuW', 'bBuahLlyNS', 'iTMRilXMYE']",
tnWyvJbfJQqQIsDUocaBlpdBT,,['Sanderson'],,,SsPAKOIstr,1903,,"['AegeVVaHmR', 'oVFLtzcegN', 'tTujDVfBCQ']",
qIUXahExQluFaouEhuHowaWEA,,['Aneirin'],,,OlUclZxYlA,1953,,"['kkYAGDLenQ', 'lfXnDouiaH']",
bRXwlyWTDgSouqCHuROWwzKZN,,"['Fisher', 'YAPqKcksXh', 'rVHxGbiVQI']",,,zPVlSeigoq,1988,,"['gMeuEdMVAh', 'IrbQzzycAD']",
NPYurocUIESLidEExEvSNxTDa,,"['JK Rowling', 'DWvUeHWUlB', 'OiySHIOkCs']",,,IPDabnbvAo,2031,,['TsQztPZKpC'],
PUzoDkzfmDmZXvogxIXGmCJsc,,['Gabriel Garcia Marquez'],,,UxzdFaQUze,1948,,"['elIubDGZDg', 'UTNwPGQBHN', 'IpKtrxmfwJ']",
rhwjRRnocUCHTzCmFJiFTyBOi,,['Lovecraft'],,,pJGzXBRyLX,1948,,"['AhBBOBrBJi', 'JzacQThgdj', 'VxvhVrPUZc']",
zmlsvmVvgQiONLQUIUQNvnxtA,,"['Jane Austen', 'cJBjYlulpO']",,,sZtqlhfawY,1961,,['Ablausvhky'],
BMftrYCqMsGraQKOQcrOtkZMT,,"['Ernest Heminway', 'NRBzJmMhYv']",,,lZOAvtlauv,1944,,"['ZRtTynIsyr', 'SVcSGCaRpG', 'VGGshewdHg']",
qJHlyhxFvlYyqHFMPjnPlpPxQ,,"['Jane Austen', 'LujbgzjdWp', 'qssSMsjgmp']",,,zuqygVSIWg,1939,,['cCRDWhuhTb'],
csrbwSTCTYwZchaRbsMLXDOMo,,['JK Rowling'],,,BFHjJLeFVL,1959,,"['CXQJgWUQSW', 'jFFuemyeHD']",
FWtLSbJkWJgxAnwQKgzzBDeUT,,"['Lovecraft', 'eKrwTipDrL']",,,CXmrIKQHoq,1914,,['kWhCzIAAHd'],
IzUZoxovFyZwWYuccsmCIsdCs,,"['Ernest Heminway', 'TBZjbFXQlL', 'iywEandeMu']",,,butFbdnMNw,1938,,"['DveXmrzdWj', 'JqendBJvRr']",
JJGOApmrOircQgnCYPtjKyqsv,,"['Jane Austen', 'dDowsrnblF']",,,cwkzhXgouc,1900,,"['WUjRqzBJta', 'QfcTqOXRzK', 'GeRiclDpvP']",
RqOeqpzGAJKJedNokVJOPZpcA,,"['Gabriel Garcia Marquez', 'bhIFYdPUpV']",,,nWVYTIIKwA,1998,,"['XDKQnqbGBR', 'dHYSrakjWs']",
JcVZJSThjnlYIEDpSYyxyjXWJ,,"['JK Rowling', 'QJZedAGBGS']",,,jGINpqlzPQ,1906,,"['yyDjmkeucF', 'KyvmCQeHjE']",
soUWjQfrmfpFQaSdmxbKdYDcU,,"['Aneirin', 'UYbxlOeOpz', 'GmotZeGAck']",,,YwswybfVjf,1925,,['LkoqllIofk'],
WKDqjMqhshNToIPYdWyCRZMGW,,['Fisher'],,,HJnDvMOYAo,1936,,"['ZzchogCqxg', 'OnJnteInli', 'jWXMszNAED']",
jOMyUIBHmoKMshzWwzvRwJpKB,,"['Fisher', 'FdtaBGSnGJ']",,,crrTslHOSi,2000,,"['XpzwjSWZzI', 'UmsbhxMAxE', 'vvaLwJqJME']",
HnZyoLQecuYPmoGvfYjDbeMqR,,"['Jane Austen', 'NsGuPZtsbW', 'ybAHDGGFdO']",,,LUhrJOrNzA,1935,,['KutpdSlUtz'],
zYKYLhAWVzogiJPEMykxUwPhM,,"['Gabriel Garcia Marquez', 'EZNDQabAnz']",,,aMQiGsIqCF,2075,,['jsWTLPsznA'],
XScWLGDvwiTnUrZcdQTUpVzLI,,"['Ernest Heminway', 'rTExHXVQux']",,,UpFLBTQGdw,1936,,"['UJAKcVAieW', 'tbNuxXSwhw', 'lfNuROEvQm']",
RIAUertQeImVqBIaEaNyYanQq,,['Jane Austen'],,,vXBgQrhGlJ,1986,,['wKHMqrVDjF'],
UmSDFNQRWqKkQsILRvZtCWFvk,,['Lovecraft'],,,teMGrXNMcE,1940,,"['nVOXbAahnr', 'msMSrRRmIa']",
cIxBEEXtbSplomvGnZxTQFvWu,,"['Jane Austen', 'imLaXJZJlf', 'IFQGYInMHf']",,,pAkaimomOm,1955,,['VKnZOnQitU'],
epxEPaHkOwZBbhGQtEVRkyVWz,,['Gabriel Garcia Marquez'],,,RnbYEsbuJc,1930,,['fmVrSqHiZo'],
UiOazeCcOdmLjTWbwqwcfIMBA,,"['JK Rowling', 'kVJcfCRtqy', 'UytAcKJbQN']",,,DESiXLqtxs,1974,,['IOsIwbCyso'],
mNQfkqfaSaJVrlrwjvuIlAULE,,"['Ernest Heminway', 'zBWaQjwhBI', 'grTDXejSOb']",,,EUpPansiXR,1927,,"['GwhLacaeou', 'tbZogwZYei']",
wHAxCLPHJHrXFUeqFvzIrPxqv,,"['Gabriel Garcia Marquez', 'hPwGyqeoea']",,,rlbDWIzCWj,2042,,['llBOPbtRFH'],
dsIKoLTXbhQjvcdwpzjpmnOan,,['Jane Austen'],,,GPHurbtZto,1986,,"['YNCQtScHYd', 'gzcdnvwbyk', 'EHZaHymrXa']",
iCuPfJLKIqeqglfRPFkBGjweR,,"['Gabriel Garcia Marquez', 'HPyNpQGKBH', 'zBsMkKuBDZ']",,,KWyYsBGvXw,2029,,"['JDxPtSSlRE', 'hBrTdfznYr']",
CGmANgOnNDnCWkwLxNEOLqHZQ,,['Fisher'],,,hTcAgJtEwk,2000,,"['WiitPgFmho', 'NrjvypjQhM']",
QRNDEyssZbbxqTwygOOFOJqna,,"['JK Rowling', 'rwNpHdCtAR']",,,PSqrDgMZSU,1926,,['yrPbLshOov'],
wgeuCooCxxlqyemulxuauNPkZ,,"['JK Rowling', 'nRVOXbkyOU']",,,plvurzfceZ,2008,,['aIzidwYBoZ'],
UQQLzhjXirNPqRhxExIdAUNbE,,"['Gabriel Garcia Marquez', 'mlJAAauvNC']",,,KgFYdtacJd,1905,,['XwrCITAZvV'],
SbPaTlwhBkZZJBdguYbDPdahv,,"['Ernest Heminway', 'PFXCPNoTtq', 'DsCXQySoJQ']",,,bNHvazPfnt,1952,,"['QHAJOTLiYV', 'rCZDmFqDkS']",
IybVLItowJiYQIdusUSFRRLKh,,"['JK Rowling', 'KjcQOqmUaS']",,,PLBlSiwjQF,1920,,"['OZeMxCykxA', 'zAyzsqbyrV', 'sVvysOukkd']",
TRRCoMPquijPDCvDqklTXvAfX,,"['Ernest Heminway', 'MCCvNNOVKY', 'niAkjhDqtR']",,,GklYDWsjft,1993,,['CaOuNeRYOe'],
MYEzJClTIVPGDXXPSWFtgeexW,,['JK Rowling'],,,EuNPyfJBDD,2001,,"['wbOBqSgkQd', 'zrCoeJgHUT', 'VwGGbFPyxa']",
kSrFgtOPEuJOGaNRbJlShaALt,,['Lovecraft'],,,QakIYixtKA,1908,,"['WfKnqvncRh', 'CXHajwtJEf']",
nuXBaNUfTYLsIoKnHfVKasLrT,,"['Ernest Heminway', 'LYPSEAyZoN', 'MjZAfExNor']",,,jnuSzYaTYR,1956,,"['NziakhjkAh', 'QkQSiBgIKV', 'PMkzHIwZAz']",
OUAALmsVCsVRTEJmdEbRQwAvy,,"['Fisher', 'OYjEXGeVyC']",,,tNWHmexbOr,1950,,['sfOADyAiQr'],
NMgtGdjSstmoBPBMPGCKHEBeM,,"['Lovecraft', 'wdpwMDraKv', 'pfkPxEcwav']",,,GDPvtDnNuN,1964,,"['COsTcdoCBI', 'rQTWisUxCo', 'EvyNFykhil']",
GDeAIpPiCHHgQaLeZhcyqYqOG,,"['George RR Martin', 'MUDefsTAxB', 'ZTwYVtuPwa']",,,VGvNrrYpYR,1906,,"['SNEEljGURn', 'dyDTmasSac', 'mHiapOIUqv']",
YzWIcwSlFqPWTgHyhkfkOcpja,,"['JK Rowling', 'dhtQAjVFEb', 'HbcsjDKCXI']",,,fwpkOVBoji,1929,,"['GXJUpLjknW', 'VhhvtfnOyI', 'uTuntooGQF']",
ekQpBsjaVleTvvGyGFVItNulV,,['RR Tolkien'],,,zWkXZbBNTB,1913,,"['uyfnSLCfaA', 'zAxzwoxQeb', 'qzLxoZUrvl']",
wpetuXabzOzcWGcwAcVvwdRbg,,"['JK Rowling', 'XLrAoblPmv']",,,DQkGzIWxsH,2033,,"['CXzjgKSuqB', 'oVxPKedbns']",
CLEjnzqEtQeUBzHlOIGIKWyyO,,"['Aneirin', 'XkpQPXWLsT']",,,nTgiPyrKDf,1974,,"['GEWbSRLdka', 'bwdDoyBlLX', 'NSxOjPOIQx']",
KGGJFbrUFlZWTxaZPWLfheXSH,,"['George RR Martin', 'BamrXuGoPh']",,,UrAZaXsQto,1908,,"['aFBNiWebHg', 'vrXgBVvQLX', 'gfhiLzTVfu']",
ZDlPUUjUthjegQSjqTangOdoK,,"['Aneirin', 'SMnGkxFchT']",,,dHzYXXsUuN,1955,,"['YXkklQDvFf', 'TokVIUqiFD']",
RHmFYMYCUrpnzuivHrxyfUXkR,,"['RR Tolkien', 'HobeFiIsEJ', 'aXzEAZGsdS']",,,GDiHkIBQFz,1916,,"['tkuCmgmIRF', 'aCeSgfErVs']",
IXBoYhNtLQXexsuIdRbrUStiJ,,['RR Tolkien'],,,uFqFrvbJpy,1941,,"['bzzVzlVVFQ', 'qRiubPBycd']",
EQJsiCvaPzmdHUVHUjpKhUzzU,,"['Lovecraft', 'cHLarffpoI']",,,aNaZHTGzsa,1901,,"['xbiJdRhAVN', 'yVzwqmzvTt']",
tpoCHPqqRzuHvSaYcPgvLwIYI,,"['JK Rowling', 'QFAuMeounr']",,,dqkJhgjror,1991,,['MYWDMmdutf'],
IwbTvICldytMpWlGwtilyfUMo,,"['Aneirin', 'MAHtgJHwlj']",,,RwuEvRPWym,1940,,"['vzjhhzGQxG', 'uSZoFWzSSj']",
cXJVZZqqEZASErPlLLrseXXdD,,['Gabriel Garcia Marquez'],,,XURnJJYOCG,2052,,"['HFclUAplHN', 'xsSbXVgmWN', 'DphmJWKwBx']",
bFLqczDkYMgjMGIprLIiBxSyA,,"['JK Rowling', 'ACLbFxvqjo', 'RKcSXiQOZw']",,,BGSKNQNmrB,2021,,"['gwsiqPmslF', 'oVvItlzWVr', 'lbkSNkoUmr']",
EPlAvZNIPgVkODtErWMRofdQJ,,"['Ernest Heminway', 'nKCSPpsYor', 'hqFGFwuQwb']",,,tpvkvAKWiL,1910,,"['pJCQtDEPZW', 'QVniSaYwrB', 'MFHImBqYhK']",
QKNgomAqMOSIDRhZBZqRDUjRn,,"['RR Tolkien', 'VMADWuOUkM']",,,ZKghLqUfRr,1940,,['HhgxVaWKdT'],
NzLpqQOGWjjszDAwVeGvzjXEW,,['Aneirin'],,,XUEoOxEYNl,1922,,['ttxitIYURa'],
QZKxSvSTRBirSZmaOxPdPSdan,,"['Lovecraft', 'WUvKzLZvNC']",,,ZxNyPClvyD,1967,,['pjLeQHCXyJ'],
TFJrSdRFtjoZpRBQHWkiuRKfv,,"['Fisher', 'PKIPBtNvTQ', 'sJPmebFxNp']",,,rQaFwbhpiV,1943,,"['LpBhEquirM', 'cnbnUqsYxc']",
dCayHdCRbcSVxLKRiGBDNOJnD,,"['Gabriel Garcia Marquez', 'GaYNtyJBxI']",,,jWxqrdZTWH,1940,,"['LXcLnHPhNw', 'ZCWsupReWq']",
xuLxDBagzaiEerpOSylRiNSUn,,['Lovecraft'],,,sCuHTdgVrF,1966,,"['EqTTLjMRav', 'lJIhteKQnG', 'qATBGvfYHJ']",
SragYvhmtWKOuEBARZMzSpQuV,,"['Gabriel Garcia Marquez', 'CCwdLurVgS']",,,RILnhOUekQ,1992,,['ispIMFcjmF'],
rveKEiKPJthoFUdMtrcAcenpf,,"['George RR Martin', 'UxupIdOCfF']",,,ytGIKVeoqw,1902,,['zdFahkvMpf'],
hwHDTPoVYhYmfvvKeKrZiAxQe,,"['Fisher', 'tXxPCPPUMV']",,,XqSQtUYhcv,2003,,['GIqAPIbLWZ'],
xKOxKdoLeXKQiXacftbzyglGw,,"['Jane Austen', 'UoTvZOeqYV']",,,MijEffTVnK,1966,,['KGnuMJMKNI'],
aQGOUYRGySxVVfcZQmAvMruSg,,"['Gabriel Garcia Marquez', 'uHYnplcCgU', 'qgidrssQve']",,,rPHZguzEnP,1975,,"['zsAiXKbWLY', 'BlddAVeHCX', 'APaXrIhOec']",
CNqeMuQYfLsWyqPHoLiFwgFRU,,"['Fisher', 'FjMfngobgv']",,,LEPLOskfMX,1991,,"['oqDSYLnxPc', 'HApPRotiht']",
dLEvnGzPLYudwunrPVXdMHYhn,,"['Aneirin', 'sPXtrnFZjN', 'BxeJHCwyFp']",,,QPEBlXkfXN,1975,,"['GCeZfcgNER', 'RYrkPxmKpU']",
aMhLEdxNoCWDbsjLETSFROcsR,,"['JK Rowling', 'BWzawVmtrI']",,,KaEfxUpItV,1980,,"['UTxSRpctPW', 'ugUtGphdEm']",
uesqQswuNTANKrqgJFzJBDoqH,,['Fisher'],,,frcJcyMBBl,1903,,"['glPHlLLnYy', 'dpjuhChRBD']",
